timestamp_s,PS1,PS2,PS3,PS4,PS5,PS6,EPS1,FS1,FS2,TS1,TS2,TS3,TS4,VS1,CE,CP,SE
0.0,152.24599999999998,95.14579999999998,1.8954,0.0,9.9626,9.8414,2411.3999999999996,8.99,10.179,35.57,40.961,38.32,30.363,0.604,47.202,2.184,68.039
0.1,157.179,10.4938,0.0,0.0,9.963899999999999,9.8432,2408.2599999999998,0.77,10.174,35.57,40.961,38.32,30.363,0.604,47.202,2.184,68.039
0.2,163.422,4.632999999999999,0.0,0.0,9.9601,9.835700000000003,2409.0,0.641,10.151,35.57,40.961,38.32,30.363,0.604,47.202,2.184,68.039
0.3,170.279,2.5835,0.0,0.0,9.9672,9.8409,2478.2400000000002,0.006,10.149,35.57,40.961,38.32,30.363,0.604,47.202,2.184,68.039
0.4,177.552,1.732,0.0,0.0,9.964500000000001,9.8402,2496.1400000000003,0.0,10.172,35.57,40.961,38.32,30.363,0.604,47.202,2.184,68.039
0.5,185.077,1.2358999999999998,0.0,0.0,9.961000000000002,9.840799999999998,2640.0,0.0,10.176,35.57,40.961,38.32,30.363,0.604,47.202,2.184,68.039
0.6,189.603,0.9795999999999999,0.0,0.0,9.9617,9.8393,2673.84,0.001,10.169,35.57,40.961,38.32,30.363,0.604,47.202,2.184,68.039
0.7,190.95,0.7500000000000001,0.0,0.0,9.9637,9.841399999999998,2829.46,0.003,10.176,35.57,40.961,38.32,30.363,0.604,47.202,2.184,68.039
0.8,191.304,0.6133000000000001,0.0,0.0,9.969999999999999,9.8456,2863.88,0.001,10.174,35.57,40.961,38.32,30.363,0.604,47.202,2.184,68.039
0.9,191.38400000000001,0.5016,0.0,0.0,9.969499999999998,9.845299999999998,2924.46,0.001,10.171,35.57,40.961,38.32,30.363,0.604,47.202,2.184,68.039
1.0,191.388,0.42410000000000003,0.0,0.0,9.9642,9.8345,2937.2400000000002,0.001,10.176,35.492,40.949,38.332,30.375,0.605,47.273,2.184,0.0
1.1,191.429,0.37029999999999996,0.0,0.0,9.961400000000001,9.8332,2940.76,0.005,10.187,35.492,40.949,38.332,30.375,0.605,47.273,2.184,0.0
1.2,191.411,0.2991,0.0,0.0,9.9583,9.831900000000001,2941.5000000000005,0.0,10.172,35.492,40.949,38.332,30.375,0.605,47.273,2.184,0.0
1.3,191.402,0.2502,0.0,0.0,9.9569,9.836099999999998,2943.1800000000003,0.0,10.165,35.492,40.949,38.332,30.375,0.605,47.273,2.184,0.0
1.4,191.337,0.1399,0.0,0.0,9.966899999999999,9.846499999999999,2943.4000000000005,0.0,10.159,35.492,40.949,38.332,30.375,0.605,47.273,2.184,0.0
1.5,191.28900000000002,0.08739999999999999,0.0,0.0,9.967400000000001,9.8468,2945.0800000000004,0.0,10.17,35.492,40.949,38.332,30.375,0.605,47.273,2.184,0.0
1.6,189.081,0.07329999999999999,0.0,0.0,9.9568,9.833,2945.4000000000005,0.001,10.159,35.492,40.949,38.332,30.375,0.605,47.273,2.184,0.0
1.7,163.882,0.0445,0.0,0.0,9.9527,9.8314,2942.3599999999997,0.0,10.176,35.492,40.949,38.332,30.375,0.605,47.273,2.184,0.0
1.8,169.61499999999998,0.0445,0.0,0.0,9.95,9.832699999999999,2932.2,0.0,10.171,35.492,40.949,38.332,30.375,0.605,47.273,2.184,0.0
1.9,175.586,0.14529999999999998,0.0,0.0,9.962299999999999,9.8425,2701.7,0.0,10.169,35.492,40.949,38.332,30.375,0.605,47.273,2.184,0.0
2.0,181.948,0.0962,0.0,0.0,9.968599999999999,9.8461,2654.7799999999997,0.005,10.163,35.469,40.965,38.32,30.367,0.611,47.25,2.184,0.0
2.1,187.616,0.05840000000000001,0.0,0.0,9.964200000000002,9.839699999999999,2732.5600000000004,0.003,10.148,35.469,40.965,38.32,30.367,0.611,47.25,2.184,0.0
2.2,190.08599999999998,0.040600000000000004,0.0,0.0,9.9645,9.8332,2751.6800000000003,0.0,10.163,35.469,40.965,38.32,30.367,0.611,47.25,2.184,0.0
2.3,190.98700000000002,0.0165,0.0,0.0,9.963,9.8295,2871.4399999999996,0.001,10.164,35.469,40.965,38.32,30.367,0.611,47.25,2.184,0.0
2.4,191.315,0.0,0.0,0.0,9.9609,9.8305,2897.4800000000005,0.001,10.174,35.469,40.965,38.32,30.367,0.611,47.25,2.184,0.0
2.5,191.402,0.0016,0.0,0.0,9.9666,9.843100000000002,2932.04,0.003,10.162,35.469,40.965,38.32,30.367,0.611,47.25,2.184,0.0
2.6,191.42000000000002,0.0,0.0,0.0,9.970400000000001,9.8479,2939.4200000000005,0.001,10.151,35.469,40.965,38.32,30.367,0.611,47.25,2.184,0.0
2.7,191.40500000000003,0.0,0.0,0.0,9.9648,9.8356,2944.6400000000003,0.003,10.187,35.469,40.965,38.32,30.367,0.611,47.25,2.184,0.0
2.8,191.401,0.0,0.0,0.0,9.9629,9.838400000000002,2945.5000000000005,0.003,10.156,35.469,40.965,38.32,30.367,0.611,47.25,2.184,0.0
2.9,191.416,0.0,0.0,0.0,9.9563,9.8379,2948.86,0.003,10.173,35.469,40.965,38.32,30.367,0.611,47.25,2.184,0.0
3.0,191.40400000000002,0.0,0.0,0.0,9.964500000000001,9.8445,2949.3,0.0,10.167,35.422,40.922,38.324,30.367,0.603,47.332,2.185,0.0
3.1,191.328,0.018099999999999998,0.0,0.0,9.9697,9.846600000000002,2946.2799999999997,0.0,10.174,35.422,40.922,38.324,30.367,0.603,47.332,2.185,0.0
3.2,191.302,0.0102,0.0,0.0,9.973299999999998,9.8434,2945.7,0.0,10.171,35.422,40.922,38.324,30.367,0.603,47.332,2.185,0.0
3.3,191.377,0.0,0.0,0.0,9.9742,9.8477,2944.02,0.0,10.173,35.422,40.922,38.324,30.367,0.603,47.332,2.185,0.0
3.4,191.389,0.0,0.0,0.0,9.9665,9.844100000000001,2943.9,0.0,10.174,35.422,40.922,38.324,30.367,0.603,47.332,2.185,0.0
3.5,191.38299999999998,0.0,0.0,0.0,9.962399999999999,9.8406,2946.9200000000005,0.001,10.186,35.422,40.922,38.324,30.367,0.603,47.332,2.185,0.0
3.6,191.318,0.0,0.0,0.0,9.9649,9.844100000000001,2947.5000000000005,0.001,10.187,35.422,40.922,38.324,30.367,0.603,47.332,2.185,0.0
3.7,191.31300000000002,0.0,0.0,0.0,9.967799999999999,9.846400000000001,2947.6599999999994,0.003,10.182,35.422,40.922,38.324,30.367,0.603,47.332,2.185,0.0
3.8,191.305,0.0,0.0,0.0,9.9708,9.8528,2947.4999999999995,0.003,10.16,35.422,40.922,38.324,30.367,0.603,47.332,2.185,0.0
3.9,191.323,0.0,0.0,0.0,9.972600000000002,9.851600000000001,2945.96,0.0,10.177,35.422,40.922,38.324,30.367,0.603,47.332,2.185,0.0
4.0,191.31199999999998,0.0,0.0,0.0,9.9702,9.849300000000001,2945.8,0.0,10.167,35.414,40.879,38.332,30.379,0.608,47.213,2.178,0.0
4.1,191.296,0.0,0.0,0.0,9.9696,9.8447,2945.84,0.001,10.191,35.414,40.879,38.332,30.379,0.608,47.213,2.178,0.0
4.2,191.28199999999998,0.0,0.0,0.0,9.9692,9.847,2945.8,0.0,10.167,35.414,40.879,38.332,30.379,0.608,47.213,2.178,0.0
4.3,191.281,0.0,0.0,0.0,9.9704,9.8534,2945.8,0.0,10.187,35.414,40.879,38.332,30.379,0.608,47.213,2.178,0.0
4.4,191.323,0.0,0.0,0.0,9.973700000000001,9.847800000000001,2945.8,0.0,10.167,35.414,40.879,38.332,30.379,0.608,47.213,2.178,0.0
4.5,191.26500000000001,0.0,0.0,0.0,9.973099999999999,9.8452,2947.3199999999997,0.0,10.163,35.414,40.879,38.332,30.379,0.608,47.213,2.178,0.0
4.6,191.257,0.0,0.0,0.0,9.9727,9.8412,2947.5999999999995,0.001,10.172,35.414,40.879,38.332,30.379,0.608,47.213,2.178,0.0
4.7,191.26299999999998,0.0,0.0,0.0,9.974100000000002,9.847900000000001,2946.0799999999995,0.003,10.182,35.414,40.879,38.332,30.379,0.608,47.213,2.178,0.0
4.8,191.29199999999997,0.0,0.0,0.0,9.976200000000002,9.854099999999999,2945.8,0.005,10.185,35.414,40.879,38.332,30.379,0.608,47.213,2.178,0.0
4.9,191.262,0.0,0.0,0.0,9.9796,9.8581,2945.8,0.004,10.149,35.414,40.879,38.332,30.379,0.608,47.213,2.178,0.0
5.0,191.31500000000003,0.0,0.0,0.0,9.982899999999997,9.8597,2945.7,0.0,10.159,35.32,40.879,38.324,30.379,0.608,47.372,2.188,0.0
5.1,191.373,0.0,0.0,0.0,9.976900000000002,9.855699999999999,2944.2,0.001,10.156,35.32,40.879,38.324,30.379,0.608,47.372,2.188,0.0
5.2,191.307,0.0,0.0,0.0,9.972100000000001,9.8473,2944.0,0.003,10.182,35.32,40.879,38.324,30.379,0.608,47.372,2.188,0.0
5.3,191.28,0.0,0.0,0.0,9.9747,9.8524,2947.0799999999995,0.001,10.193,35.32,40.879,38.324,30.379,0.608,47.372,2.188,0.0
5.4,191.28499999999997,0.0,0.0,0.0,9.9757,9.856800000000002,2947.5999999999995,0.001,10.189,35.32,40.879,38.324,30.379,0.608,47.372,2.188,0.0
5.5,191.29500000000002,0.0,0.0,0.0,9.981,9.8568,2946.0799999999995,0.0,10.182,35.32,40.879,38.324,30.379,0.608,47.372,2.188,0.0
5.6,191.31900000000002,0.0,0.0,0.0,9.9844,9.8569,2945.8,0.003,10.167,35.32,40.879,38.324,30.379,0.608,47.372,2.188,0.0
5.7,191.307,0.0,0.0,0.0,9.9802,9.852500000000001,2945.8,0.003,10.18,35.32,40.879,38.324,30.379,0.608,47.372,2.188,0.0
5.8,191.313,0.0,0.0,0.0,9.972,9.8543,2945.8,0.001,10.174,35.32,40.879,38.324,30.379,0.608,47.372,2.188,0.0
5.9,191.32599999999996,0.0,0.0,0.0,9.969800000000003,9.852500000000001,2945.8,0.0,10.177,35.32,40.879,38.324,30.379,0.608,47.372,2.188,0.0
6.0,191.32999999999998,0.0,0.0,0.0,9.9747,9.845,2945.8,0.0,10.182,35.227,40.828,38.348,30.367,0.608,47.273,2.177,0.0
6.1,191.33799999999997,0.0,0.0,0.0,9.9776,9.848799999999999,2945.8,0.0,10.164,35.227,40.828,38.348,30.367,0.608,47.273,2.177,0.0
6.2,191.334,0.0,0.0,0.0,9.977700000000002,9.852899999999998,2945.8,0.003,10.174,35.227,40.828,38.348,30.367,0.608,47.273,2.177,0.0
6.3,191.287,0.0,0.0,0.0,9.9672,9.8476,2945.8,0.001,10.16,35.227,40.828,38.348,30.367,0.608,47.273,2.177,0.0
6.4,191.286,0.0,0.0,0.0,9.965100000000001,9.8492,2945.9,0.001,10.209,35.227,40.828,38.348,30.367,0.608,47.273,2.177,0.0
6.5,191.27,0.0,0.0,0.0,9.962400000000002,9.8479,2947.4,0.001,10.178,35.227,40.828,38.348,30.367,0.608,47.273,2.177,0.0
6.6,191.25799999999998,0.0,0.0,0.0,9.969899999999999,9.8464,2947.3999999999996,0.001,10.182,35.227,40.828,38.348,30.367,0.608,47.273,2.177,0.0
6.7,191.275,0.0,0.0,0.0,9.973600000000001,9.8525,2944.4,0.003,10.159,35.227,40.828,38.348,30.367,0.608,47.273,2.177,0.0
6.8,191.268,0.0,0.0,0.0,9.9683,9.8501,2944.2,0.001,10.162,35.227,40.828,38.348,30.367,0.608,47.273,2.177,0.0
6.9,191.301,0.0,0.0,0.0,9.967,9.848500000000001,2947.2,0.0,10.167,35.227,40.828,38.348,30.367,0.608,47.273,2.177,0.0
7.0,191.365,0.0,0.0,0.0,9.9628,9.845699999999999,2947.4999999999995,0.0,10.174,35.242,40.812,38.332,30.367,0.617,47.438,2.18,0.0
7.1,191.29999999999998,0.0,0.0,0.0,9.958499999999999,9.843200000000001,2946.0,0.001,10.179,35.242,40.812,38.332,30.367,0.617,47.438,2.18,0.0
7.2,191.291,0.0,0.0,0.0,9.963000000000001,9.8474,2945.9,0.0,10.187,35.242,40.812,38.332,30.367,0.617,47.438,2.18,0.0
7.3,191.369,0.0,0.0,0.0,9.965399999999999,9.8487,2945.72,0.001,10.149,35.242,40.812,38.332,30.367,0.617,47.438,2.18,0.0
7.4,191.356,0.0,0.0,0.0,9.9665,9.844100000000001,2945.5999999999995,0.0,10.159,35.242,40.812,38.332,30.367,0.617,47.438,2.18,0.0
7.5,191.337,0.0,0.0,0.0,9.959,9.8378,2947.1200000000003,0.0,10.169,35.242,40.812,38.332,30.367,0.617,47.438,2.18,0.0
7.6,191.247,0.0,0.0,0.0,9.954799999999999,9.8303,2947.3,0.0,10.189,35.242,40.812,38.332,30.367,0.617,47.438,2.18,0.0
7.7,191.28199999999998,0.0,0.0,0.0,9.952000000000002,9.8307,2944.2799999999997,0.003,10.179,35.242,40.812,38.332,30.367,0.617,47.438,2.18,0.0
7.8,191.363,0.0,0.0,0.0,9.958400000000001,9.835600000000001,2943.8,0.0,10.164,35.242,40.812,38.332,30.367,0.617,47.438,2.18,0.0
7.9,191.273,0.0,0.0,0.0,9.9619,9.833200000000001,2945.3199999999997,0.0,10.171,35.242,40.812,38.332,30.367,0.617,47.438,2.18,0.0
8.0,191.26500000000001,0.0,0.0,0.0,9.959999999999999,9.8365,2945.7,0.001,10.161,35.16,40.809,38.336,30.375,0.619,46.691,2.151,0.0
8.1,191.27300000000002,0.0,0.0,0.0,9.956399999999999,9.8336,2947.2000000000003,0.0,10.174,35.16,40.809,38.336,30.375,0.619,46.691,2.151,0.0
8.2,191.253,0.0,0.0,0.0,9.9501,9.827,2947.3,0.001,10.18,35.16,40.809,38.336,30.375,0.619,46.691,2.151,0.0
8.3,191.28,0.0,0.0,0.0,9.950099999999999,9.825600000000001,2944.2799999999997,0.004,10.177,35.16,40.809,38.336,30.375,0.619,46.691,2.151,0.0
8.4,191.269,0.0,0.0,0.0,9.95,9.825999999999999,2943.9,0.001,10.16,35.16,40.809,38.336,30.375,0.619,46.691,2.151,0.0
8.5,191.30900000000003,0.0,0.0,0.0,9.954699999999999,9.826699999999999,2947.0999999999995,0.001,10.154,35.16,40.809,38.336,30.375,0.619,46.691,2.151,0.0
8.6,191.359,0.0,0.0,0.0,9.952399999999999,9.8306,2947.5999999999995,0.003,10.196,35.16,40.809,38.336,30.375,0.619,46.691,2.151,0.0
8.7,191.362,0.0,0.0,0.0,9.9486,9.828800000000001,2946.12,0.007,10.154,35.16,40.809,38.336,30.375,0.619,46.691,2.151,0.0
8.8,191.35999999999999,0.0,0.0,0.0,9.9393,9.8256,2945.7,0.0,10.183,35.16,40.809,38.336,30.375,0.619,46.691,2.151,0.0
8.9,191.38599999999997,0.0,0.0,0.0,9.9436,9.830100000000002,2945.72,0.0,10.154,35.16,40.809,38.336,30.375,0.619,46.691,2.151,0.0
9.0,191.305,0.0,0.0,0.0,9.9415,9.828399999999998,2945.9,0.001,10.17,35.176,40.785,38.316,30.473,0.619,46.599,2.143,69.141
9.1,191.301,0.0,0.0,0.0,9.9489,9.8283,2945.88,0.0,10.154,35.176,40.785,38.316,30.473,0.619,46.599,2.143,69.141
9.2,191.346,0.0,0.0,0.0,9.9496,9.8265,2946.0,0.0,10.158,35.176,40.785,38.316,30.473,0.619,46.599,2.143,69.141
9.3,190.65,45.07340000000001,0.8320000000000001,0.0,9.9377,9.82,2950.8,0.005,10.165,35.176,40.785,38.316,30.473,0.619,46.599,2.143,69.141
9.4,179.436,141.048,8.788999999999998,0.0,9.938600000000001,9.8234,2950.3999999999996,14.888,10.191,35.176,40.785,38.316,30.473,0.619,46.599,2.143,69.141
9.5,169.982,135.15800000000002,6.5882000000000005,0.0,9.9415,9.8253,2918.14,18.71,10.17,35.176,40.785,38.316,30.473,0.619,46.599,2.143,69.141
9.6,163.11100000000002,130.929,5.392899999999999,0.0,9.9367,9.828399999999998,2903.84,16.369,10.177,35.176,40.785,38.316,30.473,0.619,46.599,2.143,69.141
9.7,158.324,128.081,4.5555,0.0,9.9447,9.824,2705.5600000000004,14.239,10.153,35.176,40.785,38.316,30.473,0.619,46.599,2.143,69.141
9.8,155.07800000000003,125.822,3.8836,0.0,9.9453,9.817400000000001,2664.16,12.652,10.163,35.176,40.785,38.316,30.473,0.619,46.599,2.143,69.141
9.9,152.685,124.31599999999999,3.4928999999999997,0.0,9.9343,9.820599999999999,2530.2,11.403,10.183,35.176,40.785,38.316,30.473,0.619,46.599,2.143,69.141
10.0,150.95200000000003,123.21199999999999,3.1796999999999995,0.0,9.9344,9.820500000000001,2502.1800000000003,10.474,10.178,35.172,40.789,38.336,30.496,0.581,46.623,2.156,69.141
10.1,149.599,122.46600000000001,2.9187000000000003,0.0,9.930800000000001,9.821299999999999,2443.4399999999996,9.814,10.164,35.172,40.789,38.336,30.496,0.581,46.623,2.156,69.141
10.2,148.607,121.80199999999999,2.7367,0.0,9.933300000000001,9.8263,2430.58,9.327,10.164,35.172,40.789,38.336,30.496,0.581,46.623,2.156,69.141
10.3,147.925,121.285,2.6578,0.0,9.936300000000001,9.822299999999998,2393.4,8.961,10.17,35.172,40.789,38.336,30.496,0.581,46.623,2.156,69.141
10.4,147.41,120.917,2.6835,0.0,9.934999999999999,9.809700000000001,2385.58,8.863,10.154,35.172,40.789,38.336,30.496,0.581,46.623,2.156,69.141
10.5,147.09,120.755,2.5185000000000004,0.0,9.9351,9.8166,2372.3,8.406,10.187,35.172,40.789,38.336,30.496,0.581,46.623,2.156,69.141
10.6,146.684,120.48200000000001,2.4368000000000003,0.0,9.933700000000002,9.8169,2369.4,8.387,10.182,35.172,40.789,38.336,30.496,0.581,46.623,2.156,69.141
10.7,146.51100000000002,120.43199999999999,2.3772999999999995,0.0,9.9327,9.8151,2356.2,8.198,10.171,35.172,40.789,38.336,30.496,0.581,46.623,2.156,69.141
10.8,146.42300000000003,120.269,2.4968000000000004,0.0,9.9395,9.824699999999998,2353.8,8.209,10.176,35.172,40.789,38.336,30.496,0.581,46.623,2.156,69.141
10.9,146.34699999999998,120.13900000000001,2.4344,0.0,9.9381,9.8214,2347.16,8.114,10.161,35.172,40.789,38.336,30.496,0.581,46.623,2.156,69.141
11.0,146.33799999999997,120.29599999999998,2.3148,0.0,9.932500000000001,9.814400000000001,2346.0,7.901,10.164,35.168,40.785,38.336,30.484,0.569,46.653,2.166,68.144
11.1,146.309,120.17900000000002,2.4250000000000003,0.0,9.9275,9.808599999999998,2347.5199999999995,8.034,10.194,35.168,40.785,38.336,30.484,0.569,46.653,2.166,68.144
11.2,146.24200000000002,120.24199999999999,2.3836000000000004,0.0,9.925700000000003,9.806899999999999,2347.7,7.994,10.176,35.168,40.785,38.336,30.484,0.569,46.653,2.166,68.144
11.3,146.23,120.29100000000001,2.3429999999999995,0.0,9.9345,9.809900000000003,2344.5,7.848,10.187,35.168,40.785,38.336,30.484,0.569,46.653,2.166,68.144
11.4,146.157,120.09400000000001,2.3049000000000004,0.0,9.9382,9.8172,2344.0,8.066,10.211,35.168,40.785,38.336,30.484,0.569,46.653,2.166,68.144
11.5,146.14100000000002,120.16799999999998,2.2851,0.0,9.9387,9.820500000000001,2343.82,8.017,10.158,35.168,40.785,38.336,30.484,0.569,46.653,2.166,68.144
11.6,146.15,120.167,2.371,0.0,9.928500000000001,9.808200000000003,2343.8,7.99,10.178,35.168,40.785,38.336,30.484,0.569,46.653,2.166,68.144
11.7,146.13899999999998,120.09700000000001,2.3209999999999997,0.0,9.925099999999999,9.808499999999999,2343.8,7.975,10.184,35.168,40.785,38.336,30.484,0.569,46.653,2.166,68.144
11.8,146.18099999999998,120.12100000000001,2.3068999999999997,0.0,9.923399999999999,9.812100000000001,2343.7,7.871,10.187,35.168,40.785,38.336,30.484,0.569,46.653,2.166,68.144
11.9,146.163,119.99600000000001,2.3611,0.0,9.9311,9.8127,2342.2,8.082,10.181,35.168,40.785,38.336,30.484,0.569,46.653,2.166,68.144
12.0,146.08599999999998,120.11200000000001,2.3259,0.0,9.931900000000002,9.8127,2342.1,7.964,10.174,35.156,40.773,38.359,30.555,0.558,46.136,2.128,68.144
12.1,146.075,120.22099999999998,2.3086,0.0,9.926299999999998,9.8108,2343.6,7.82,10.173,35.156,40.773,38.359,30.555,0.558,46.136,2.128,68.144
12.2,146.03,120.117,2.3274,0.0,9.925,9.8071,2343.8,8.07,10.172,35.156,40.773,38.359,30.555,0.558,46.136,2.128,68.144
12.3,146.065,120.175,2.303,0.0,9.9192,9.8009,2343.8,7.932,10.189,35.156,40.773,38.359,30.555,0.558,46.136,2.128,68.144
12.4,146.078,120.15900000000002,2.3477000000000006,0.0,9.9236,9.801499999999999,2343.8,7.911,10.204,35.156,40.773,38.359,30.555,0.558,46.136,2.128,68.144
12.5,146.071,120.181,2.3375,0.0,9.925500000000001,9.806999999999999,2343.8,7.946,10.173,35.156,40.773,38.359,30.555,0.558,46.136,2.128,68.144
12.6,146.103,120.26299999999999,2.2758,0.0,9.921899999999999,9.806799999999999,2343.7,7.894,10.17,35.156,40.773,38.359,30.555,0.558,46.136,2.128,68.144
12.7,146.08599999999998,120.074,2.3421999999999996,0.0,9.9164,9.8019,2342.2,8.029,10.176,35.156,40.773,38.359,30.555,0.558,46.136,2.128,68.144
12.8,146.076,120.071,2.3391000000000006,0.0,9.9074,9.793800000000001,2342.1,7.906,10.17,35.156,40.773,38.359,30.555,0.558,46.136,2.128,68.144
12.9,146.107,120.14199999999998,2.3179,0.0,9.9041,9.7906,2345.12,7.836,10.181,35.156,40.773,38.359,30.555,0.558,46.136,2.128,68.144
13.0,146.047,120.076,2.4654,0.0,9.911600000000002,9.7974,2345.4999999999995,8.119,10.186,35.187,40.789,38.336,30.566,0.548,46.127,2.122,67.791
13.1,146.028,120.146,2.3624,0.0,9.9139,9.8005,2342.48,7.938,10.164,35.187,40.789,38.336,30.566,0.548,46.127,2.122,67.791
13.2,146.10599999999997,120.20900000000002,2.307,0.0,9.907700000000002,9.7942,2341.9,7.784,10.173,35.187,40.789,38.336,30.566,0.548,46.127,2.122,67.791
13.3,146.044,120.001,2.3484000000000003,0.0,9.91,9.7996,2340.2200000000003,8.068,10.201,35.187,40.789,38.336,30.566,0.548,46.127,2.122,67.791
13.4,146.018,120.106,2.2998999999999996,0.0,9.906299999999998,9.7962,2340.1,7.907,10.182,35.187,40.789,38.336,30.566,0.548,46.127,2.122,67.791
13.5,146.044,120.11000000000001,2.3249000000000004,0.0,9.9018,9.7813,2343.12,7.82,10.189,35.187,40.789,38.336,30.566,0.548,46.127,2.122,67.791
13.6,145.985,120.098,2.4249,0.0,9.900400000000001,9.7846,2343.5999999999995,7.953,10.209,35.187,40.789,38.336,30.566,0.548,46.127,2.122,67.791
13.7,145.98,120.22999999999999,2.3333,0.0,9.9034,9.788900000000002,2342.0799999999995,7.81,10.182,35.187,40.789,38.336,30.566,0.548,46.127,2.122,67.791
13.8,146.073,120.14200000000001,2.3896999999999995,0.0,9.905800000000003,9.786199999999997,2341.8,8.034,10.174,35.187,40.789,38.336,30.566,0.548,46.127,2.122,67.791
13.9,146.086,120.16600000000001,2.293,0.0,9.904599999999999,9.7851,2343.3199999999997,7.879,10.172,35.187,40.789,38.336,30.566,0.548,46.127,2.122,67.791
14.0,146.16900000000004,120.25,2.3203,0.0,9.9046,9.781,2343.4999999999995,7.813,10.189,35.176,40.785,38.41,30.668,0.544,45.948,2.137,67.791
14.1,146.059,120.07600000000002,2.4338,0.0,9.901900000000001,9.7873,2340.3,8.102,10.209,35.176,40.785,38.41,30.668,0.544,45.948,2.137,67.791
14.2,145.999,120.04099999999998,2.307,0.0,9.903200000000002,9.7904,2340.0,8.008,10.201,35.176,40.785,38.41,30.668,0.544,45.948,2.137,67.791
14.3,146.05699999999996,120.13,2.3078,0.0,9.908800000000001,9.7989,2343.14,7.804,10.194,35.176,40.785,38.41,30.668,0.544,45.948,2.137,67.791
14.4,146.00500000000002,120.141,2.343,0.0,9.9117,9.7987,2343.4999999999995,8.026,10.186,35.176,40.785,38.41,30.668,0.544,45.948,2.137,67.791
14.5,146.01299999999998,120.18299999999999,2.2727999999999997,0.0,9.9103,9.7956,2342.0,7.917,10.192,35.176,40.785,38.41,30.668,0.544,45.948,2.137,67.791
14.6,146.022,119.99900000000002,2.353,0.0,9.9084,9.795699999999998,2341.8,7.911,10.221,35.176,40.785,38.41,30.668,0.544,45.948,2.137,67.791
14.7,145.989,120.053,2.4109000000000003,0.0,9.911299999999999,9.7947,2341.8,7.934,10.201,35.176,40.785,38.41,30.668,0.544,45.948,2.137,67.791
14.8,146.04,120.171,2.3008,0.0,9.910499999999999,9.792100000000001,2341.7,7.801,10.199,35.176,40.785,38.41,30.668,0.544,45.948,2.137,67.791
14.9,145.997,120.046,2.3391,0.0,9.916999999999998,9.808100000000001,2340.2,8.041,10.191,35.176,40.785,38.41,30.668,0.544,45.948,2.137,67.791
15.0,145.99200000000002,120.12599999999998,2.3336000000000006,0.0,9.915000000000001,9.805699999999998,2340.1,7.814,10.201,35.25,40.773,38.418,30.656,0.534,45.935,2.134,67.504
15.1,146.046,120.22400000000002,2.2827000000000006,0.0,9.913899999999998,9.799199999999999,2341.6,7.779,10.203,35.25,40.773,38.418,30.656,0.534,45.935,2.134,67.504
15.2,145.946,120.06500000000001,2.343,0.0,9.9154,9.7961,2341.8,8.086,10.214,35.25,40.773,38.418,30.656,0.534,45.935,2.134,67.504
15.3,145.90699999999998,120.104,2.2922000000000002,0.0,9.916200000000002,9.7924,2341.8,7.939,10.224,35.25,40.773,38.418,30.656,0.534,45.935,2.134,67.504
15.4,146.002,120.148,2.3531999999999997,0.0,9.9213,9.8025,2341.8,7.838,10.214,35.25,40.773,38.418,30.656,0.534,45.935,2.134,67.504
15.5,146.019,120.075,2.3969,0.0,9.9249,9.811000000000002,2343.3199999999997,7.948,10.258,35.25,40.773,38.418,30.656,0.534,45.935,2.134,67.504
15.6,146.08,120.176,2.3664,0.0,9.9265,9.8103,2343.5999999999995,7.878,10.216,35.25,40.773,38.418,30.656,0.534,45.935,2.134,67.504
15.7,146.027,120.12899999999999,2.3203,0.0,9.9221,9.803899999999999,2342.0799999999995,7.959,10.214,35.25,40.773,38.418,30.656,0.534,45.935,2.134,67.504
15.8,146.01900000000003,120.18300000000002,2.2352,0.0,9.9205,9.7983,2341.8,7.913,10.254,35.25,40.773,38.418,30.656,0.534,45.935,2.134,67.504
15.9,146.112,120.23800000000001,2.2313,0.0,9.9212,9.7958,2343.3199999999997,7.799,10.225,35.25,40.773,38.418,30.656,0.534,45.935,2.134,67.504
16.0,146.024,120.09599999999998,2.3563,0.0,9.926300000000001,9.810599999999999,2343.4999999999995,8.065,10.222,35.234,40.812,38.5,30.727,0.534,45.726,2.142,67.504
16.1,145.97600000000003,120.09500000000003,2.4055999999999993,0.0,9.9261,9.810700000000002,2340.48,7.928,10.218,35.234,40.812,38.5,30.727,0.534,45.726,2.142,67.504
16.2,146.036,120.252,2.3544,0.0,9.928700000000001,9.808900000000001,2340.1,7.678,10.22,35.234,40.812,38.5,30.727,0.534,45.726,2.142,67.504
16.3,146.08200000000002,120.102,2.4281,0.0,9.921199999999999,9.8102,2343.12,8.041,10.234,35.234,40.812,38.5,30.727,0.534,45.726,2.142,67.504
16.4,146.08700000000002,120.06299999999999,2.3024999999999998,0.0,9.916,9.8072,2343.4999999999995,7.948,10.233,35.234,40.812,38.5,30.727,0.534,45.726,2.142,67.504
16.5,145.96200000000002,120.2,2.3140000000000005,0.0,9.923,9.8113,2340.48,7.758,10.24,35.234,40.812,38.5,30.727,0.534,45.726,2.142,67.504
16.6,145.948,120.20899999999999,2.3187,0.0,9.9271,9.8119,2340.1,7.986,10.229,35.234,40.812,38.5,30.727,0.534,45.726,2.142,67.504
16.7,145.947,120.21600000000001,2.2118,0.0,9.9269,9.814400000000003,2343.12,7.896,10.222,35.234,40.812,38.5,30.727,0.534,45.726,2.142,67.504
16.8,146.08499999999998,120.13899999999998,2.3975999999999997,0.0,9.921800000000001,9.8135,2343.5999999999995,7.988,10.227,35.234,40.812,38.5,30.727,0.534,45.726,2.142,67.504
16.9,146.09099999999995,120.13200000000002,2.3906,0.0,9.9206,9.8062,2343.5999999999995,7.918,10.24,35.234,40.812,38.5,30.727,0.534,45.726,2.142,67.504
17.0,146.115,120.151,2.2829,0.0,9.919799999999999,9.8019,2343.4999999999995,7.816,10.234,35.316,40.785,38.492,30.816,0.532,45.139,2.12,67.657
17.1,145.999,119.979,2.3194,0.0,9.920399999999999,9.807300000000001,2340.48,8.079,10.246,35.316,40.785,38.492,30.816,0.532,45.139,2.12,67.657
17.2,145.948,120.14500000000001,2.2657,0.0,9.923399999999999,9.812700000000001,2340.1,7.986,10.24,35.316,40.785,38.492,30.816,0.532,45.139,2.12,67.657
17.3,145.96699999999998,120.20899999999997,2.2891000000000004,0.0,9.915600000000001,9.811200000000001,2343.12,7.764,10.236,35.316,40.785,38.492,30.816,0.532,45.139,2.12,67.657
17.4,145.986,120.049,2.3453,0.0,9.9215,9.8112,2343.4999999999995,8.019,10.231,35.316,40.785,38.492,30.816,0.532,45.139,2.12,67.657
17.5,146.017,120.12899999999999,2.2913000000000006,0.0,9.9194,9.8021,2340.48,7.917,10.241,35.316,40.785,38.492,30.816,0.532,45.139,2.12,67.657
17.6,146.103,120.13199999999999,2.2984999999999998,0.0,9.917800000000002,9.794900000000002,2340.1,7.804,10.251,35.316,40.785,38.492,30.816,0.532,45.139,2.12,67.657
17.7,145.997,119.97999999999999,2.3266,0.0,9.9192,9.8063,2341.6,7.952,10.261,35.316,40.785,38.492,30.816,0.532,45.139,2.12,67.657
17.8,145.979,120.14099999999999,2.2790000000000004,0.0,9.9172,9.807300000000001,2341.8,7.852,10.216,35.316,40.785,38.492,30.816,0.532,45.139,2.12,67.657
17.9,145.997,120.12299999999998,2.2594,0.0,9.9147,9.803700000000001,2341.8,7.957,10.239,35.316,40.785,38.492,30.816,0.532,45.139,2.12,67.657
18.0,145.99000000000004,120.07000000000001,2.2603,0.0,9.914200000000001,9.8049,2341.8,7.833,10.243,35.316,40.801,38.496,30.898,0.534,44.978,2.122,67.657
18.1,146.05400000000003,120.201,2.2538,0.0,9.9137,9.7985,2343.3199999999997,7.76,10.25,35.316,40.801,38.496,30.898,0.534,44.978,2.122,67.657
18.2,146.04700000000003,120.07000000000001,2.3659,0.0,9.908000000000001,9.7943,2343.4999999999995,8.003,10.254,35.316,40.801,38.496,30.898,0.534,44.978,2.122,67.657
18.3,146.011,120.11500000000001,2.3600999999999996,0.0,9.908800000000003,9.7971,2340.48,7.947,10.254,35.316,40.801,38.496,30.898,0.534,44.978,2.122,67.657
18.4,146.03,120.225,2.3603,0.0,9.9141,9.8028,2340.2,7.772,10.245,35.316,40.801,38.496,30.898,0.534,44.978,2.122,67.657
18.5,145.973,120.07000000000001,2.3485,0.0,9.9208,9.799800000000001,2343.3399999999997,8.044,10.245,35.316,40.801,38.496,30.898,0.534,44.978,2.122,67.657
18.6,145.972,120.126,2.3036999999999996,0.0,9.916199999999998,9.7988,2343.6,7.904,10.249,35.316,40.801,38.496,30.898,0.534,44.978,2.122,67.657
18.7,146.01900000000003,120.21099999999998,2.3272,0.0,9.9111,9.796800000000001,2341.98,7.761,10.27,35.316,40.801,38.496,30.898,0.534,44.978,2.122,67.657
18.8,145.976,120.075,2.3016,0.0,9.912900000000002,9.7962,2341.9,8.013,10.256,35.316,40.801,38.496,30.898,0.534,44.978,2.122,67.657
18.9,146.068,120.054,2.3068999999999997,0.0,9.9095,9.796100000000001,2341.88,7.888,10.276,35.316,40.801,38.496,30.898,0.534,44.978,2.122,67.657
19.0,147.32999999999998,122.772,1.3656000000000001,0.0,9.9154,9.8009,2341.9,4.776,10.244,35.402,40.809,38.551,30.898,0.555,44.937,2.122,54.079
19.1,151.02100000000002,127.29100000000001,1.0537999999999998,0.0,9.9167,9.8067,2344.9200000000005,1.479,10.236,35.402,40.809,38.551,30.898,0.555,44.937,2.122,54.079
19.2,152.959,128.57100000000003,1.6422,0.0,9.908100000000001,9.7991,2347.5000000000005,4.631,10.256,35.402,40.809,38.551,30.898,0.555,44.937,2.122,54.079
19.3,154.22899999999998,129.31700000000004,1.9492,0.0,9.912200000000002,9.8003,2400.8599999999997,6.009,10.284,35.402,40.809,38.551,30.898,0.555,44.937,2.122,54.079
19.4,155.12,129.733,2.0922,0.0,9.909400000000002,9.794900000000002,2412.8200000000006,6.719,10.262,35.402,40.809,38.551,30.898,0.555,44.937,2.122,54.079
19.5,155.493,129.96699999999998,2.1366,0.0,9.9072,9.794999999999998,2446.9000000000005,7.323,10.262,35.402,40.809,38.551,30.898,0.555,44.937,2.122,54.079
19.6,155.9,130.478,2.1039999999999996,0.0,9.9147,9.7957,2453.9600000000005,7.141,10.234,35.402,40.809,38.551,30.898,0.555,44.937,2.122,54.079
19.7,156.149,130.567,2.2923,0.0,9.912699999999997,9.7922,2468.88,7.523,10.229,35.402,40.809,38.551,30.898,0.555,44.937,2.122,54.079
19.8,156.32,130.61700000000002,2.4093,0.0,9.907300000000001,9.789000000000001,2471.7000000000003,7.624,10.273,35.402,40.809,38.551,30.898,0.555,44.937,2.122,54.079
19.9,156.421,130.746,2.357,0.0,9.908999999999999,9.7929,2478.34,7.698,10.265,35.402,40.809,38.551,30.898,0.555,44.937,2.122,54.079
20.0,156.59,130.915,2.3914,0.0,9.9067,9.788400000000001,2479.5000000000005,7.616,10.263,35.402,40.797,38.559,30.996,0.553,44.269,2.087,54.079
20.1,156.56699999999998,130.68,2.4797000000000002,0.0,9.911499999999998,9.793,2484.46,8.019,10.257,35.402,40.797,38.559,30.996,0.553,44.269,2.087,54.079
20.2,156.614,130.842,2.3087,0.0,9.9134,9.793899999999999,2485.2000000000003,7.665,10.243,35.402,40.797,38.559,30.996,0.553,44.269,2.087,54.079
20.3,156.42499999999998,130.57600000000002,2.4352000000000005,0.0,9.9102,9.7933,2480.68,8.113,10.254,35.402,40.797,38.559,30.996,0.553,44.269,2.087,54.079
20.4,156.35600000000002,130.575,2.3827,0.0,9.909099999999999,9.7958,2480.3,7.969,10.259,35.402,40.797,38.559,30.996,0.553,44.269,2.087,54.079
20.5,156.39799999999997,130.541,2.3344,0.0,9.9039,9.7932,2484.9399999999996,7.866,10.289,35.402,40.797,38.559,30.996,0.553,44.269,2.087,54.079
20.6,156.334,130.475,2.3188,0.0,9.9061,9.794500000000001,2485.2999999999997,7.888,10.281,35.402,40.797,38.559,30.996,0.553,44.269,2.087,54.079
20.7,156.37399999999997,130.60399999999998,2.2679,0.0,9.9071,9.7969,2480.66,7.594,10.271,35.402,40.797,38.559,30.996,0.553,44.269,2.087,54.079
20.8,156.262,130.425,2.2869,0.0,9.906299999999998,9.7976,2480.0,8.069,10.257,35.402,40.797,38.559,30.996,0.553,44.269,2.087,54.079
20.9,156.227,130.45999999999998,2.2702,0.0,9.903900000000002,9.7954,2480.0,7.909,10.26,35.402,40.797,38.559,30.996,0.553,44.269,2.087,54.079
21.0,156.263,130.531,2.3757,0.0,9.905399999999998,9.793600000000001,2480.1,7.736,10.26,35.398,40.785,38.547,31.07,0.563,44.079,2.085,68.728
21.1,156.31400000000002,130.43099999999998,2.2889,0.0,9.9,9.787400000000002,2479.92,7.846,10.283,35.398,40.785,38.547,31.07,0.563,44.079,2.085,68.728
21.2,156.33599999999998,130.644,2.1844,0.0,9.9014,9.7913,2479.7,7.696,10.28,35.398,40.785,38.547,31.07,0.563,44.079,2.085,68.728
21.3,156.34699999999998,130.56799999999998,2.3251,0.0,9.904500000000002,9.7932,2481.3599999999997,7.974,10.27,35.398,40.785,38.547,31.07,0.563,44.079,2.085,68.728
21.4,156.345,130.489,2.3382,0.0,9.9068,9.7926,2481.8,7.86,10.254,35.398,40.785,38.547,31.07,0.563,44.079,2.085,68.728
21.5,156.31799999999998,130.52400000000003,2.2898,0.0,9.9065,9.7875,2480.28,7.753,10.261,35.398,40.785,38.547,31.07,0.563,44.079,2.085,68.728
21.6,156.09,130.346,2.3835,0.0,9.898700000000002,9.7851,2480.0,8.087,10.27,35.398,40.785,38.547,31.07,0.563,44.079,2.085,68.728
21.7,156.17299999999997,130.48099999999997,2.2864999999999998,0.0,9.899,9.7857,2480.0,7.756,10.28,35.398,40.785,38.547,31.07,0.563,44.079,2.085,68.728
21.8,156.319,130.40499999999997,2.3400000000000003,0.0,9.8975,9.790099999999999,2480.1,7.804,10.301,35.398,40.785,38.547,31.07,0.563,44.079,2.085,68.728
21.9,156.238,130.28199999999998,2.3188,0.0,9.8981,9.7841,2481.6,7.885,10.262,35.398,40.785,38.547,31.07,0.563,44.079,2.085,68.728
22.0,156.27200000000002,130.355,2.2967,0.0,9.9008,9.783700000000001,2481.8,7.794,10.265,35.441,40.828,38.535,31.078,0.581,43.741,2.062,68.728
22.1,156.138,130.20499999999998,2.3547000000000002,0.0,9.8951,9.7828,2480.12,8.044,10.261,35.441,40.828,38.535,31.078,0.581,43.741,2.062,68.728
22.2,156.101,130.265,2.2648,0.0,9.8886,9.776900000000001,2479.7,7.907,10.283,35.441,40.828,38.535,31.078,0.581,43.741,2.062,68.728
22.3,156.195,130.51999999999998,2.3242,0.0,9.892599999999998,9.776599999999998,2479.5799999999995,7.613,10.287,35.441,40.828,38.535,31.078,0.581,43.741,2.062,68.728
22.4,156.29199999999997,130.473,2.3483,0.0,9.8933,9.775299999999998,2479.7999999999997,7.761,10.271,35.441,40.828,38.535,31.078,0.581,43.741,2.062,68.728
22.5,156.287,130.473,2.3086,0.0,9.889199999999999,9.7775,2482.94,7.85,10.276,35.441,40.828,38.535,31.078,0.581,43.741,2.062,68.728
22.6,156.278,130.317,2.3344,0.0,9.8923,9.7894,2483.2000000000003,7.968,10.269,35.441,40.828,38.535,31.078,0.581,43.741,2.062,68.728
22.7,156.251,130.42199999999997,2.2960000000000003,0.0,9.8873,9.7821,2478.68,7.753,10.267,35.441,40.828,38.535,31.078,0.581,43.741,2.062,68.728
22.8,156.317,130.575,2.2710999999999997,0.0,9.881899999999998,9.775099999999998,2478.0,7.69,10.281,35.441,40.828,38.535,31.078,0.581,43.741,2.062,68.728
22.9,156.28799999999998,130.329,2.3196,0.0,9.884599999999999,9.7728,2479.5199999999995,8.001,10.281,35.441,40.828,38.535,31.078,0.581,43.741,2.062,68.728
23.0,156.228,130.39,2.2797,0.0,9.8782,9.7621,2479.9,7.874,10.272,35.414,40.863,38.535,31.145,0.595,43.375,2.052,68.7
23.1,156.17800000000003,130.31,2.3642,0.0,9.877400000000002,9.7611,2481.4,7.871,10.265,35.414,40.863,38.535,31.145,0.595,43.375,2.052,68.7
23.2,156.125,130.23399999999998,2.3266,0.0,9.8819,9.764,2481.4999999999995,7.9,10.267,35.414,40.863,38.535,31.145,0.595,43.375,2.052,68.7
23.3,156.14600000000002,130.358,2.2492,0.0,9.8786,9.7577,2480.0,7.722,10.294,35.414,40.863,38.535,31.145,0.595,43.375,2.052,68.7
23.4,156.118,130.334,2.3462,0.0,9.8687,9.752999999999998,2479.8,8.011,10.299,35.414,40.863,38.535,31.145,0.595,43.375,2.052,68.7
23.5,156.17800000000003,130.373,2.303,0.0,9.867799999999999,9.7562,2479.8,7.942,10.283,35.414,40.863,38.535,31.145,0.595,43.375,2.052,68.7
23.6,156.24500000000003,130.532,2.2524,0.0,9.8741,9.762599999999999,2479.7,7.586,10.265,35.414,40.863,38.535,31.145,0.595,43.375,2.052,68.7
23.7,156.198,130.37400000000002,2.2517,0.0,9.881900000000002,9.7708,2478.02,7.921,10.257,35.414,40.863,38.535,31.145,0.595,43.375,2.052,68.7
23.8,156.31799999999998,130.516,2.2110000000000003,0.0,9.872200000000001,9.759400000000001,2477.9,7.698,10.262,35.414,40.863,38.535,31.145,0.595,43.375,2.052,68.7
23.9,156.33700000000002,130.416,2.3312999999999997,0.0,9.862799999999998,9.7509,2479.4,7.871,10.281,35.414,40.863,38.535,31.145,0.595,43.375,2.052,68.7
24.0,156.259,130.439,2.3182,0.0,9.864899999999999,9.7472,2479.5999999999995,7.804,10.283,35.434,40.867,38.5,31.145,0.584,42.847,2.021,68.7
24.1,156.33999999999997,130.52100000000002,2.3601,0.0,9.865499999999999,9.7514,2479.5999999999995,7.747,10.277,35.434,40.867,38.5,31.145,0.584,42.847,2.021,68.7
24.2,156.331,130.447,2.3422,0.0,9.8675,9.7541,2479.5999999999995,7.986,10.269,35.434,40.867,38.5,31.145,0.584,42.847,2.021,68.7
24.3,156.289,130.48600000000002,2.2804,0.0,9.8774,9.7604,2479.5999999999995,7.913,10.258,35.434,40.867,38.5,31.145,0.584,42.847,2.021,68.7
24.4,156.31099999999998,130.46300000000002,2.2382,0.0,9.867899999999999,9.759300000000001,2479.5999999999995,7.789,10.269,35.434,40.867,38.5,31.145,0.584,42.847,2.021,68.7
24.5,156.279,130.32399999999998,2.3655999999999997,0.0,9.868,9.764199999999999,2479.5999999999995,7.861,10.288,35.434,40.867,38.5,31.145,0.584,42.847,2.021,68.7
24.6,156.279,130.456,2.3328,0.0,9.861799999999999,9.751700000000001,2479.7999999999997,7.772,10.297,35.434,40.867,38.5,31.145,0.584,42.847,2.021,68.7
24.7,156.326,130.387,2.354,0.0,9.8607,9.7476,2482.9800000000005,8.053,10.283,35.434,40.867,38.5,31.145,0.584,42.847,2.021,68.7
24.8,156.25,130.41799999999998,2.3086,0.0,9.870099999999999,9.7499,2483.2000000000003,7.86,10.277,35.434,40.867,38.5,31.145,0.584,42.847,2.021,68.7
24.9,156.269,130.536,2.2585999999999995,0.0,9.873000000000001,9.7597,2480.2,7.613,10.265,35.434,40.867,38.5,31.145,0.584,42.847,2.021,68.7
25.0,156.256,130.46300000000002,2.2649,0.0,9.8701,9.7552,2479.8,7.888,10.267,35.48,40.879,38.492,31.215,0.582,42.322,1.995,68.74
25.1,156.29399999999998,130.364,2.2634,0.0,9.859399999999999,9.7446,2479.8,7.913,10.28,35.48,40.879,38.492,31.215,0.582,42.322,1.995,68.74
25.2,156.325,130.417,2.3406,0.0,9.8593,9.7494,2480.0,7.861,10.296,35.48,40.879,38.492,31.215,0.582,42.322,1.995,68.74
25.3,156.228,130.336,2.3288999999999995,0.0,9.8557,9.7515,2481.4799999999996,7.908,10.288,35.48,40.879,38.492,31.215,0.582,42.322,1.995,68.74
25.4,156.23399999999998,130.58800000000002,2.2493,0.0,9.8596,9.754699999999998,2481.4999999999995,7.606,10.279,35.48,40.879,38.492,31.215,0.582,42.322,1.995,68.74
25.5,156.23000000000002,130.4,2.3578,0.0,9.862,9.753400000000001,2481.5199999999995,8.005,10.285,35.48,40.879,38.492,31.215,0.582,42.322,1.995,68.74
25.6,156.19600000000003,130.43200000000002,2.2865999999999995,0.0,9.8628,9.757000000000001,2481.5999999999995,7.868,10.286,35.48,40.879,38.492,31.215,0.582,42.322,1.995,68.74
25.7,156.292,130.53000000000003,2.3091999999999997,0.0,9.8583,9.744299999999999,2480.0799999999995,7.73,10.29,35.48,40.879,38.492,31.215,0.582,42.322,1.995,68.74
25.8,156.24300000000002,130.421,2.3023999999999996,0.0,9.8611,9.7434,2479.7,7.908,10.286,35.48,40.879,38.492,31.215,0.582,42.322,1.995,68.74
25.9,156.222,130.495,2.2101,0.0,9.8674,9.7463,2479.72,7.741,10.281,35.48,40.879,38.492,31.215,0.582,42.322,1.995,68.74
26.0,156.23200000000003,130.436,2.3173,0.0,9.8616,9.750499999999999,2479.9,7.964,10.27,35.5,40.809,38.5,31.293,0.585,42.322,2.001,68.74
26.1,156.189,130.424,2.3211000000000004,0.0,9.859399999999999,9.7477,2479.88,7.931,10.281,35.5,40.809,38.5,31.293,0.585,42.322,2.001,68.74
26.2,156.19299999999998,130.428,2.3195,0.0,9.859300000000001,9.7447,2479.8,7.791,10.297,35.5,40.809,38.5,31.293,0.585,42.322,2.001,68.74
26.3,156.144,130.369,2.2897000000000003,0.0,9.8538,9.740000000000002,2479.8,7.974,10.306,35.5,40.809,38.5,31.293,0.585,42.322,2.001,68.74
26.4,156.137,130.411,2.2117999999999998,0.0,9.8605,9.746200000000002,2479.7,7.853,10.294,35.5,40.809,38.5,31.293,0.585,42.322,2.001,68.74
26.5,156.23000000000002,130.402,2.304,0.0,9.861699999999999,9.755700000000001,2479.72,7.806,10.288,35.5,40.809,38.5,31.293,0.585,42.322,2.001,68.74
26.6,156.199,130.38400000000001,2.2914000000000003,0.0,9.8606,9.7518,2479.9,7.798,10.291,35.5,40.809,38.5,31.293,0.585,42.322,2.001,68.74
26.7,156.168,130.47499999999997,2.2008,0.0,9.8598,9.7504,2479.88,7.741,10.287,35.5,40.809,38.5,31.293,0.585,42.322,2.001,68.74
26.8,156.231,130.368,2.3404999999999996,0.0,9.855,9.7505,2479.7,7.974,10.301,35.5,40.809,38.5,31.293,0.585,42.322,2.001,68.74
26.9,156.207,130.321,2.3063,0.0,9.8549,9.7503,2479.72,7.819,10.316,35.5,40.809,38.5,31.293,0.585,42.322,2.001,68.74
27.0,156.206,130.355,2.2835,0.0,9.8584,9.753699999999998,2479.9,7.653,10.316,35.488,40.895,38.5,31.375,0.577,41.797,1.979,68.609
27.1,156.208,130.25799999999998,2.4311000000000003,0.0,9.8604,9.7444,2479.88,8.038,10.314,35.488,40.895,38.5,31.375,0.577,41.797,1.979,68.609
27.2,156.211,130.36399999999998,2.3522,0.0,9.8699,9.751900000000001,2479.7,7.852,10.292,35.488,40.895,38.5,31.375,0.577,41.797,1.979,68.609
27.3,156.173,130.334,2.3717999999999995,0.0,9.871500000000001,9.7562,2479.72,7.877,10.3,35.488,40.895,38.5,31.375,0.577,41.797,1.979,68.609
27.4,156.153,130.37099999999998,2.3147999999999995,0.0,9.866900000000001,9.750399999999999,2479.9,7.756,10.314,35.488,40.895,38.5,31.375,0.577,41.797,1.979,68.609
27.5,156.18900000000002,130.388,2.3101999999999996,0.0,9.863,9.7458,2481.4,7.736,10.318,35.488,40.895,38.5,31.375,0.577,41.797,1.979,68.609
27.6,156.16900000000004,130.214,2.4305999999999996,0.0,9.8622,9.740600000000002,2481.4999999999995,8.016,10.311,35.488,40.895,38.5,31.375,0.577,41.797,1.979,68.609
27.7,156.13100000000003,130.348,2.3353,0.0,9.8696,9.7488,2478.3,7.816,10.314,35.488,40.895,38.5,31.375,0.577,41.797,1.979,68.609
27.8,156.12900000000002,130.39600000000002,2.3211,0.0,9.8714,9.7566,2477.9,7.714,10.301,35.488,40.895,38.5,31.375,0.577,41.797,1.979,68.609
27.9,156.089,130.277,2.2601000000000004,0.0,9.866,9.762400000000001,2480.9200000000005,7.871,10.316,35.488,40.895,38.5,31.375,0.577,41.797,1.979,68.609
28.0,156.13200000000003,130.43,2.2571000000000003,0.0,9.864700000000001,9.758,2481.2000000000003,7.72,10.331,35.559,40.926,38.492,31.465,0.569,41.406,1.956,68.609
28.1,156.188,130.429,2.3015,0.0,9.8676,9.751900000000001,2476.68,7.833,10.334,35.559,40.926,38.492,31.465,0.569,41.406,1.956,68.609
28.2,156.15800000000002,130.412,2.2367,0.0,9.864799999999999,9.7437,2476.2,7.848,10.316,35.559,40.926,38.492,31.465,0.569,41.406,1.956,68.609
28.3,156.221,130.498,2.2579,0.0,9.8691,9.7593,2480.7200000000003,7.626,10.314,35.559,40.926,38.492,31.465,0.569,41.406,1.956,68.609
28.4,156.21300000000002,130.37600000000003,2.3515,0.0,9.8626,9.7658,2481.4000000000005,8.006,10.32,35.559,40.926,38.492,31.465,0.569,41.406,1.956,68.609
28.5,156.223,130.435,2.1946,0.0,9.8652,9.7606,2481.4000000000005,7.793,10.317,35.559,40.926,38.492,31.465,0.569,41.406,1.956,68.609
28.6,156.26100000000002,130.349,2.2843,0.0,9.860800000000001,9.750499999999999,2481.2000000000003,7.781,10.334,35.559,40.926,38.492,31.465,0.569,41.406,1.956,68.609
28.7,156.3,130.25399999999996,2.3029,0.0,9.860299999999999,9.7501,2479.88,7.902,10.342,35.559,40.926,38.492,31.465,0.569,41.406,1.956,68.609
28.8,156.36000000000004,130.487,2.2798000000000003,0.0,9.8616,9.7521,2480.0,7.766,10.321,35.559,40.926,38.492,31.465,0.569,41.406,1.956,68.609
28.9,156.26000000000002,130.32599999999996,2.3585,0.0,9.8565,9.7515,2481.4799999999996,8.036,10.324,35.559,40.926,38.492,31.465,0.569,41.406,1.956,68.609
29.0,157.459,132.88299999999998,1.421,0.0,9.8601,9.7547,2481.5999999999995,4.893,10.311,35.555,40.949,38.496,31.543,0.577,40.924,1.932,56.919
29.1,161.304,137.52399999999997,1.064,0.0,9.8579,9.7514,2483.1200000000003,1.597,10.311,35.555,40.949,38.496,31.543,0.577,40.924,1.932,56.919
29.2,163.57600000000002,138.96800000000002,1.6616,0.0,9.854,9.749999999999998,2485.7000000000003,5.039,10.321,35.555,40.949,38.496,31.543,0.577,40.924,1.932,56.919
29.3,164.948,139.822,1.8577000000000001,0.0,9.849300000000001,9.746599999999999,2540.7400000000002,6.185,10.327,35.555,40.949,38.496,31.543,0.577,40.924,1.932,56.919
29.4,165.712,140.291,2.1031000000000004,0.0,9.8558,9.747199999999998,2553.0200000000004,6.951,10.338,35.555,40.949,38.496,31.543,0.577,40.924,1.932,56.919
29.5,166.043,140.38299999999998,2.2141,0.0,9.8518,9.747000000000002,2593.4999999999995,7.526,10.319,35.555,40.949,38.496,31.543,0.577,40.924,1.932,56.919
29.6,166.28699999999998,140.596,2.2219,0.0,9.8563,9.7475,2601.7200000000003,7.471,10.331,35.555,40.949,38.496,31.543,0.577,40.924,1.932,56.919
29.7,166.257,140.592,2.2445,0.0,9.8554,9.7445,2611.6400000000003,7.738,10.325,35.555,40.949,38.496,31.543,0.577,40.924,1.932,56.919
29.8,166.358,140.70599999999996,2.2172,0.0,9.8438,9.737,2613.5000000000005,7.617,10.332,35.555,40.949,38.496,31.543,0.577,40.924,1.932,56.919
29.9,166.34699999999998,140.654,2.3281,0.0,9.853,9.7405,2616.86,7.869,10.338,35.555,40.949,38.496,31.543,0.577,40.924,1.932,56.919
30.0,166.40499999999997,140.803,2.2904999999999998,0.0,9.8498,9.7349,2617.5000000000005,7.684,10.323,35.574,40.965,38.496,31.609,0.597,40.427,1.916,56.919
30.1,166.36100000000002,140.714,2.2937,0.0,9.855799999999999,9.7394,2620.86,7.878,10.319,35.574,40.965,38.496,31.609,0.597,40.427,1.916,56.919
30.2,166.368,140.66799999999998,2.3719,0.0,9.851,9.7391,2621.3,7.684,10.334,35.574,40.965,38.496,31.609,0.597,40.427,1.916,56.919
30.3,166.38299999999998,140.53199999999998,2.368,0.0,9.845099999999999,9.7354,2618.2799999999997,7.904,10.316,35.574,40.965,38.496,31.609,0.597,40.427,1.916,56.919
30.4,166.405,140.622,2.3109,0.0,9.842699999999999,9.7336,2618.0,7.671,10.323,35.574,40.965,38.496,31.609,0.597,40.427,1.916,56.919
30.5,166.392,140.442,2.3952999999999998,0.0,9.842500000000001,9.7345,2621.1799999999994,7.849,10.336,35.574,40.965,38.496,31.609,0.597,40.427,1.916,56.919
30.6,166.429,140.60399999999998,2.3243,0.0,9.8421,9.732099999999999,2621.3999999999996,7.628,10.341,35.574,40.965,38.496,31.609,0.597,40.427,1.916,56.919
30.7,166.361,140.482,2.3389999999999995,0.0,9.846799999999998,9.7348,2618.2599999999998,7.885,10.331,35.574,40.965,38.496,31.609,0.597,40.427,1.916,56.919
30.8,166.391,140.536,2.3202,0.0,9.841,9.7338,2618.1,7.665,10.307,35.574,40.965,38.496,31.609,0.597,40.427,1.916,56.919
30.9,166.322,140.444,2.3226999999999998,0.0,9.835400000000002,9.7303,2622.9199999999996,7.925,10.327,35.574,40.965,38.496,31.609,0.597,40.427,1.916,56.919
31.0,166.333,140.538,2.3117,0.0,9.832999999999998,9.725900000000001,2623.2999999999997,7.691,10.331,35.652,40.961,38.496,31.711,0.596,39.857,1.893,69.443
31.1,166.363,140.476,2.3476999999999997,0.0,9.8319,9.721700000000002,2618.66,7.902,10.337,35.652,40.961,38.496,31.711,0.596,39.857,1.893,69.443
31.2,166.4,140.67000000000002,2.2416,0.0,9.8415,9.7237,2618.1,7.637,10.328,35.652,40.961,38.496,31.711,0.596,39.857,1.893,69.443
31.3,166.363,140.58300000000003,2.2414000000000005,0.0,9.843399999999999,9.729900000000002,2619.6,7.846,10.328,35.652,40.961,38.496,31.711,0.596,39.857,1.893,69.443
31.4,166.36499999999998,140.543,2.2679,0.0,9.836,9.729000000000001,2619.8,7.683,10.328,35.652,40.961,38.496,31.711,0.596,39.857,1.893,69.443
31.5,166.358,140.523,2.3236,0.0,9.835399999999998,9.7187,2619.8,7.773,10.338,35.652,40.961,38.496,31.711,0.596,39.857,1.893,69.443
31.6,166.397,140.669,2.2844,0.0,9.834,9.7155,2619.8,7.702,10.352,35.652,40.961,38.496,31.711,0.596,39.857,1.893,69.443
31.7,166.33799999999997,140.506,2.3266999999999998,0.0,9.835500000000001,9.716700000000001,2621.3199999999997,7.934,10.352,35.652,40.961,38.496,31.711,0.596,39.857,1.893,69.443
31.8,166.38,140.59499999999997,2.3015,0.0,9.8403,9.722199999999999,2621.4999999999995,7.708,10.341,35.652,40.961,38.496,31.711,0.596,39.857,1.893,69.443
31.9,166.389,140.463,2.2875,0.0,9.8365,9.727300000000001,2618.3,7.791,10.323,35.652,40.961,38.496,31.711,0.596,39.857,1.893,69.443
32.0,166.436,140.603,2.2625,0.0,9.8351,9.7294,2617.9,7.676,10.319,35.668,40.984,38.508,31.793,0.603,39.517,1.863,69.443
32.1,166.35599999999997,140.584,2.3195,0.0,9.830400000000001,9.718399999999999,2619.4,7.856,10.341,35.668,40.984,38.508,31.793,0.603,39.517,1.863,69.443
32.2,166.472,140.694,2.2718999999999996,0.0,9.8296,9.7136,2619.5999999999995,7.689,10.356,35.668,40.984,38.508,31.793,0.603,39.517,1.863,69.443
32.3,166.51,140.69,2.3352,0.0,9.8298,9.7152,2621.2999999999997,7.739,10.341,35.668,40.984,38.508,31.793,0.603,39.517,1.863,69.443
32.4,166.394,140.572,2.3108,0.0,9.8325,9.724900000000002,2621.5999999999995,7.921,10.352,35.668,40.984,38.508,31.793,0.603,39.517,1.863,69.443
32.5,166.32699999999997,140.58700000000002,2.3087,0.0,9.832099999999999,9.7257,2620.0799999999995,7.839,10.351,35.668,40.984,38.508,31.793,0.603,39.517,1.863,69.443
32.6,166.288,140.53799999999998,2.3023,0.0,9.8266,9.715900000000001,2619.9,7.876,10.328,35.668,40.984,38.508,31.793,0.603,39.517,1.863,69.443
32.7,166.31799999999998,140.41299999999998,2.2937000000000003,0.0,9.8203,9.7108,2621.58,7.768,10.337,35.668,40.984,38.508,31.793,0.603,39.517,1.863,69.443
32.8,166.34300000000002,140.46599999999998,2.3163,0.0,9.821200000000001,9.709999999999999,2621.5,7.821,10.354,35.668,40.984,38.508,31.793,0.603,39.517,1.863,69.443
32.9,166.341,140.559,2.2891000000000004,0.0,9.8254,9.7167,2616.68,7.775,10.356,35.668,40.984,38.508,31.793,0.603,39.517,1.863,69.443
33.0,166.358,140.479,2.2866,0.0,9.8273,9.7197,2616.1,7.888,10.346,35.664,41.02,38.496,31.77,0.605,38.999,1.841,69.812
33.1,166.33,140.518,2.2507,0.0,9.829999999999998,9.726299999999998,2619.12,7.756,10.327,35.664,41.02,38.496,31.77,0.605,38.999,1.841,69.812
33.2,166.316,140.457,2.2994000000000003,0.0,9.826200000000002,9.715300000000001,2619.5999999999995,7.923,10.346,35.664,41.02,38.496,31.77,0.605,38.999,1.841,69.812
33.3,166.303,140.60700000000003,2.2641,0.0,9.8211,9.7113,2618.0799999999995,7.75,10.356,35.664,41.02,38.496,31.77,0.605,38.999,1.841,69.812
33.4,166.339,140.5,2.3125,0.0,9.820400000000001,9.7155,2617.8,7.846,10.354,35.664,41.02,38.496,31.77,0.605,38.999,1.841,69.812
33.5,166.248,140.512,2.2779,0.0,9.822799999999999,9.710600000000001,2617.8,7.779,10.35,35.664,41.02,38.496,31.77,0.605,38.999,1.841,69.812
33.6,166.267,140.352,2.3287,0.0,9.831,9.7107,2617.8,7.934,10.35,35.664,41.02,38.496,31.77,0.605,38.999,1.841,69.812
33.7,166.301,140.42400000000004,2.2665,0.0,9.828399999999998,9.7085,2617.8,7.721,10.354,35.664,41.02,38.496,31.77,0.605,38.999,1.841,69.812
33.8,166.28699999999998,140.388,2.3134,0.0,9.819700000000001,9.705100000000002,2617.8,7.871,10.338,35.664,41.02,38.496,31.77,0.605,38.999,1.841,69.812
33.9,166.41400000000002,140.572,2.2619,0.0,9.8124,9.703,2617.8,7.593,10.367,35.664,41.02,38.496,31.77,0.605,38.999,1.841,69.812
34.0,166.419,140.485,2.3594,0.0,9.8144,9.700199999999999,2617.9,7.909,10.366,35.66,41.039,38.492,31.953,0.603,38.493,1.828,69.812
34.1,166.373,140.717,2.3296,0.0,9.8138,9.7057,2620.9200000000005,7.699,10.347,35.66,41.039,38.492,31.953,0.603,38.493,1.828,69.812
34.2,166.316,140.452,2.4056,0.0,9.8194,9.7152,2621.3,7.931,10.356,35.66,41.039,38.492,31.953,0.603,38.493,1.828,69.812
34.3,166.32299999999998,140.49,2.3516,0.0,9.8172,9.707699999999999,2618.2799999999997,7.773,10.35,35.66,41.039,38.492,31.953,0.603,38.493,1.828,69.812
34.4,166.236,140.43400000000003,2.4443,0.0,9.813,9.705400000000001,2617.9,7.968,10.357,35.66,41.039,38.492,31.953,0.603,38.493,1.828,69.812
34.5,166.284,140.63600000000002,2.3991,0.0,9.813799999999999,9.705999999999998,2621.06,7.578,10.368,35.66,41.039,38.492,31.953,0.603,38.493,1.828,69.812
34.6,166.202,140.524,2.4343,0.0,9.8141,9.706099999999998,2621.5999999999995,7.934,10.352,35.66,41.039,38.492,31.953,0.603,38.493,1.828,69.812
34.7,166.23600000000002,140.561,2.35,0.0,9.814300000000001,9.708400000000001,2620.0799999999995,7.624,10.378,35.66,41.039,38.492,31.953,0.603,38.493,1.828,69.812
34.8,166.161,140.49,2.3532,0.0,9.817200000000001,9.7098,2619.8,7.97,10.33,35.66,41.039,38.492,31.953,0.603,38.493,1.828,69.812
34.9,166.304,140.641,2.3023999999999996,0.0,9.812000000000001,9.6995,2619.8,7.739,10.368,35.66,41.039,38.492,31.953,0.603,38.493,1.828,69.812
35.0,166.27800000000002,140.426,2.328,0.0,9.814000000000002,9.695,2619.7,7.928,10.356,35.734,41.043,38.5,32.043,0.6,37.954,1.809,69.521
35.1,166.25199999999998,140.53,2.2883000000000004,0.0,9.807,9.6904,2618.2,7.691,10.379,35.734,41.043,38.5,32.043,0.6,37.954,1.809,69.521
35.2,166.29000000000002,140.505,2.3171,0.0,9.8072,9.695399999999998,2618.1,7.801,10.363,35.734,41.043,38.5,32.043,0.6,37.954,1.809,69.521
35.3,166.37500000000003,140.57699999999997,2.2601,0.0,9.8114,9.7014,2619.6,7.703,10.352,35.734,41.043,38.5,32.043,0.6,37.954,1.809,69.521
35.4,166.296,140.493,2.3421,0.0,9.8122,9.6948,2619.7,7.866,10.352,35.734,41.043,38.5,32.043,0.6,37.954,1.809,69.521
35.5,166.33200000000002,140.612,2.3001,0.0,9.8118,9.6979,2619.72,7.63,10.347,35.734,41.043,38.5,32.043,0.6,37.954,1.809,69.521
35.6,166.321,140.51100000000002,2.3218,0.0,9.806700000000001,9.696499999999999,2619.9,7.836,10.381,35.734,41.043,38.5,32.043,0.6,37.954,1.809,69.521
35.7,166.32699999999997,140.597,2.3586,0.0,9.800600000000001,9.680200000000001,2619.88,7.689,10.365,35.734,41.043,38.5,32.043,0.6,37.954,1.809,69.521
35.8,166.243,140.498,2.3968,0.0,9.8028,9.686399999999999,2619.8,7.882,10.381,35.734,41.043,38.5,32.043,0.6,37.954,1.809,69.521
35.9,166.268,140.624,2.3085999999999998,0.0,9.8018,9.697099999999999,2619.8,7.72,10.344,35.734,41.043,38.5,32.043,0.6,37.954,1.809,69.521
36.0,166.292,140.56799999999998,2.3226999999999998,0.0,9.7993,9.6958,2619.7,7.795,10.361,35.824,41.043,38.496,32.121,0.604,37.552,1.785,69.521
36.1,166.401,140.61599999999999,2.2531,0.0,9.8015,9.6948,2616.52,7.638,10.342,35.824,41.043,38.496,32.121,0.604,37.552,1.785,69.521
36.2,166.329,140.535,2.2454,0.0,9.798399999999999,9.6846,2616.1,7.831,10.354,35.824,41.043,38.496,32.121,0.604,37.552,1.785,69.521
36.3,166.363,140.56300000000002,2.2702,0.0,9.794100000000002,9.685899999999998,2619.12,7.761,10.361,35.824,41.043,38.496,32.121,0.604,37.552,1.785,69.521
36.4,166.36100000000002,140.43699999999998,2.2882,0.0,9.794,9.6887,2619.4999999999995,7.842,10.37,35.824,41.043,38.496,32.121,0.604,37.552,1.785,69.521
36.5,166.392,140.489,2.3111,0.0,9.7979,9.684000000000001,2617.8199999999997,7.811,10.339,35.824,41.043,38.496,32.121,0.604,37.552,1.785,69.521
36.6,166.361,140.54799999999997,2.3017,0.0,9.7985,9.6851,2617.7999999999997,7.806,10.373,35.824,41.043,38.496,32.121,0.604,37.552,1.785,69.521
36.7,166.457,140.463,2.3305,0.0,9.7989,9.6864,2620.94,7.763,10.34,35.824,41.043,38.496,32.121,0.604,37.552,1.785,69.521
36.8,166.339,140.454,2.3280000000000003,0.0,9.7967,9.6873,2621.1000000000004,7.835,10.379,35.824,41.043,38.496,32.121,0.604,37.552,1.785,69.521
36.9,166.245,140.485,2.3273999999999995,0.0,9.7998,9.6893,2614.94,7.904,10.373,35.824,41.043,38.496,32.121,0.604,37.552,1.785,69.521
37.0,166.343,140.559,2.2881,0.0,9.7985,9.691500000000001,2614.2,7.752,10.381,35.824,41.043,38.52,32.207,0.624,37.084,1.763,69.94
37.1,166.328,140.506,2.3272000000000004,0.0,9.8006,9.6893,2618.7200000000003,7.814,10.369,35.824,41.043,38.52,32.207,0.624,37.084,1.763,69.94
37.2,166.314,140.579,2.2383,0.0,9.8064,9.6915,2619.4000000000005,7.701,10.368,35.824,41.043,38.52,32.207,0.624,37.084,1.763,69.94
37.3,166.27700000000002,140.42100000000002,2.293,0.0,9.7971,9.687,2619.4000000000005,7.973,10.349,35.824,41.043,38.52,32.207,0.624,37.084,1.763,69.94
37.4,166.233,140.485,2.2547,0.0,9.794600000000003,9.680499999999999,2619.4000000000005,7.774,10.381,35.824,41.043,38.52,32.207,0.624,37.084,1.763,69.94
37.5,166.279,140.503,2.3350999999999997,0.0,9.7908,9.678099999999999,2619.4000000000005,7.858,10.373,35.824,41.043,38.52,32.207,0.624,37.084,1.763,69.94
37.6,166.23600000000002,140.498,2.2984,0.0,9.7941,9.689699999999998,2619.3,7.795,10.389,35.824,41.043,38.52,32.207,0.624,37.084,1.763,69.94
37.7,166.209,140.44200000000004,2.4000000000000004,0.0,9.7989,9.693700000000002,2616.2799999999997,7.896,10.368,35.824,41.043,38.52,32.207,0.624,37.084,1.763,69.94
37.8,166.243,140.574,2.3102,0.0,9.797,9.6861,2615.9,7.661,10.354,35.824,41.043,38.52,32.207,0.624,37.084,1.763,69.94
37.9,166.285,140.35999999999999,2.3156999999999996,0.0,9.791,9.6846,2618.9200000000005,7.976,10.39,35.824,41.043,38.52,32.207,0.624,37.084,1.763,69.94
38.0,166.34199999999998,140.51399999999998,2.2023,0.0,9.787200000000002,9.6783,2619.4000000000005,7.629,10.379,35.82,41.043,38.496,32.281,0.616,36.615,1.74,69.94
38.1,166.33500000000004,140.39899999999997,2.2818999999999994,0.0,9.785,9.6703,2619.4000000000005,7.91,10.367,35.82,41.043,38.496,32.281,0.616,36.615,1.74,69.94
38.2,166.33499999999998,140.46699999999998,2.3076,0.0,9.7921,9.685200000000002,2619.3,7.806,10.385,35.82,41.043,38.496,32.281,0.616,36.615,1.74,69.94
38.3,166.32199999999997,140.445,2.3515,0.0,9.7988,9.6901,2617.7999999999997,7.957,10.356,35.82,41.043,38.496,32.281,0.616,36.615,1.74,69.94
38.4,166.234,140.38000000000002,2.2929,0.0,9.7948,9.686000000000002,2617.7,7.736,10.358,35.82,41.043,38.496,32.281,0.616,36.615,1.74,69.94
38.5,166.238,140.40699999999998,2.3219000000000003,0.0,9.793500000000002,9.684299999999999,2619.2000000000003,7.84,10.401,35.82,41.043,38.496,32.281,0.616,36.615,1.74,69.94
38.6,166.44500000000002,140.59199999999998,2.3103,0.0,9.7832,9.676400000000001,2619.3,7.653,10.392,35.82,41.043,38.496,32.281,0.616,36.615,1.74,69.94
38.7,166.39299999999997,140.48100000000002,2.4179999999999997,0.0,9.7883,9.6729,2616.2799999999997,7.844,10.389,35.82,41.043,38.496,32.281,0.616,36.615,1.74,69.94
38.8,166.381,140.60700000000003,2.1945000000000006,0.0,9.792499999999999,9.6765,2615.9,7.669,10.419,35.82,41.043,38.496,32.281,0.616,36.615,1.74,69.94
38.9,166.366,140.46699999999998,2.3689,0.0,9.7956,9.6778,2620.5600000000004,7.933,10.363,35.82,41.043,38.496,32.281,0.616,36.615,1.74,69.94
39.0,165.03900000000002,137.03300000000002,3.5930999999999997,0.0,9.798,9.6883,2621.3,10.76,10.374,35.836,41.059,38.5,32.348,0.593,36.098,1.72,79.568
39.1,161.572,132.98000000000002,3.7631,0.0,9.791500000000001,9.6765,2616.6400000000003,12.404,10.399,35.836,41.059,38.5,32.348,0.593,36.098,1.72,79.568
39.2,159.47200000000004,132.017,3.1491,0.0,9.791099999999998,9.6714,2613.5,10.521,10.388,35.836,41.059,38.5,32.348,0.593,36.098,1.72,79.568
39.3,158.17600000000002,131.326,2.7899000000000003,0.0,9.7963,9.6828,2560.32,9.429,10.379,35.836,41.059,38.5,32.348,0.593,36.098,1.72,79.568
39.4,157.36700000000002,130.976,2.6344,0.0,9.7911,9.6784,2548.7799999999997,8.75,10.388,35.836,41.059,38.5,32.348,0.593,36.098,1.72,79.568
39.5,156.91699999999997,130.752,2.5788,0.0,9.7929,9.6754,2514.6799999999994,8.376,10.376,35.836,41.059,38.5,32.348,0.593,36.098,1.72,79.568
39.6,156.634,130.59499999999997,2.4578,0.0,9.7888,9.6825,2507.3599999999997,8.199,10.383,35.836,41.059,38.5,32.348,0.593,36.098,1.72,79.568
39.7,156.53900000000002,130.70300000000003,2.3257,0.0,9.785800000000002,9.6811,2490.9000000000005,7.826,10.396,35.836,41.059,38.5,32.348,0.593,36.098,1.72,79.568
39.8,156.438,130.51799999999997,2.3992,0.0,9.7854,9.6779,2487.9,8.139,10.387,35.836,41.059,38.5,32.348,0.593,36.098,1.72,79.568
39.9,156.366,130.485,2.3649999999999998,0.0,9.7898,9.681300000000002,2486.2200000000003,7.929,10.386,35.836,41.059,38.5,32.348,0.593,36.098,1.72,79.568
40.0,156.38400000000001,130.498,2.3322000000000003,0.0,9.7945,9.682699999999999,2485.9,7.811,10.392,35.836,41.098,38.484,32.43,0.607,35.58,1.692,79.568
40.1,156.35500000000002,130.426,2.3470000000000004,0.0,9.7989,9.6882,2482.54,7.852,10.414,35.836,41.098,38.484,32.43,0.607,35.58,1.692,79.568
40.2,156.44699999999997,130.513,2.2438,0.0,9.792300000000001,9.683300000000001,2482.1,7.746,10.399,35.836,41.098,38.484,32.43,0.607,35.58,1.692,79.568
40.3,156.30800000000002,130.43400000000003,2.3563,0.0,9.789599999999998,9.680900000000001,2483.6,8.041,10.386,35.836,41.098,38.484,32.43,0.607,35.58,1.692,79.568
40.4,156.214,130.52100000000002,2.2744,0.0,9.7903,9.6816,2483.7,7.884,10.392,35.836,41.098,38.484,32.43,0.607,35.58,1.692,79.568
40.5,156.33199999999997,130.50799999999998,2.2405999999999997,0.0,9.7882,9.6851,2482.2,7.773,10.387,35.836,41.098,38.484,32.43,0.607,35.58,1.692,79.568
40.6,156.337,130.40500000000003,2.2828999999999997,0.0,9.798599999999999,9.6885,2482.0,7.911,10.396,35.836,41.098,38.484,32.43,0.607,35.58,1.692,79.568
40.7,156.44500000000002,130.517,2.2483999999999997,0.0,9.796000000000001,9.6846,2482.0,7.777,10.392,35.836,41.098,38.484,32.43,0.607,35.58,1.692,79.568
40.8,156.36499999999998,130.435,2.3445,0.0,9.7854,9.675699999999999,2482.0,8.012,10.397,35.836,41.098,38.484,32.43,0.607,35.58,1.692,79.568
40.9,156.298,130.504,2.286,0.0,9.7843,9.6729,2480.3199999999997,7.905,10.39,35.836,41.098,38.484,32.43,0.607,35.58,1.692,79.568
41.0,156.288,130.571,2.2836999999999996,0.0,9.7786,9.6742,2479.9,7.646,10.373,35.828,41.109,38.496,32.523,0.592,35.141,1.668,68.664
41.1,156.26899999999998,130.44,2.3485000000000005,0.0,9.787099999999999,9.6802,2479.74,7.926,10.364,35.828,41.109,38.496,32.523,0.592,35.141,1.668,68.664
41.2,156.301,130.512,2.2132,0.0,9.789800000000001,9.683300000000001,2480.0,7.781,10.354,35.828,41.109,38.496,32.523,0.592,35.141,1.668,68.664
41.3,156.31300000000002,130.44099999999997,2.2445000000000004,0.0,9.7876,9.6751,2483.0000000000005,7.944,10.358,35.828,41.109,38.496,32.523,0.592,35.141,1.668,68.664
41.4,156.301,130.48399999999998,2.2764999999999995,0.0,9.783000000000001,9.6708,2483.3,7.846,10.383,35.828,41.109,38.496,32.523,0.592,35.141,1.668,68.664
41.5,156.378,130.65099999999998,2.1929999999999996,0.0,9.7791,9.663,2483.4799999999996,7.647,10.412,35.828,41.109,38.496,32.523,0.592,35.141,1.668,68.664
41.6,156.49899999999997,130.453,2.2773000000000003,0.0,9.7767,9.6654,2483.4999999999995,8.033,10.414,35.828,41.109,38.496,32.523,0.592,35.141,1.668,68.664
41.7,156.479,130.55700000000002,2.3289999999999997,0.0,9.7843,9.6729,2480.48,7.854,10.403,35.828,41.109,38.496,32.523,0.592,35.141,1.668,68.664
41.8,156.344,130.52100000000002,2.3814,0.0,9.7837,9.675500000000001,2480.1,7.815,10.379,35.828,41.109,38.496,32.523,0.592,35.141,1.668,68.664
41.9,156.303,130.416,2.2702999999999998,0.0,9.777899999999999,9.6728,2481.6,7.846,10.386,35.828,41.109,38.496,32.523,0.592,35.141,1.668,68.664
42.0,156.362,130.49899999999997,2.286,0.0,9.778,9.6679,2481.7,7.727,10.412,35.84,41.121,38.484,32.609,0.585,34.184,1.623,68.664
42.1,156.305,130.39299999999997,2.3655999999999997,0.0,9.775300000000001,9.6617,2481.72,8.079,10.378,35.84,41.121,38.484,32.609,0.585,34.184,1.623,68.664
42.2,156.31,130.469,2.2913,0.0,9.7698,9.665000000000001,2482.0,7.866,10.391,35.84,41.121,38.484,32.609,0.585,34.184,1.623,68.664
42.3,156.402,130.48699999999997,2.322,0.0,9.7765,9.661299999999999,2483.62,7.859,10.394,35.84,41.121,38.484,32.609,0.585,34.184,1.623,68.664
42.4,156.234,130.36999999999998,2.3203000000000005,0.0,9.776499999999999,9.657799999999998,2483.7,7.956,10.392,35.84,41.121,38.484,32.609,0.585,34.184,1.623,68.664
42.5,156.30599999999998,130.505,2.2384,0.0,9.7713,9.6569,2482.2,7.701,10.394,35.84,41.121,38.484,32.609,0.585,34.184,1.623,68.664
42.6,156.33599999999998,130.33499999999998,2.3267,0.0,9.761700000000001,9.652800000000001,2482.1,8.091,10.399,35.84,41.121,38.484,32.609,0.585,34.184,1.623,68.664
42.7,156.269,130.32799999999997,2.2188,0.0,9.7646,9.6529,2481.92,7.863,10.412,35.84,41.121,38.484,32.609,0.585,34.184,1.623,68.664
42.8,156.31900000000002,130.357,2.3930000000000002,0.0,9.7666,9.657,2481.6,7.741,10.401,35.84,41.121,38.484,32.609,0.585,34.184,1.623,68.664
42.9,156.197,130.348,2.3609999999999998,0.0,9.770299999999999,9.66,2479.94,7.867,10.368,35.84,41.121,38.484,32.609,0.585,34.184,1.623,68.664
43.0,156.25799999999998,130.402,2.3045999999999998,0.0,9.766,9.6568,2479.9,7.76,10.368,35.859,41.129,38.484,32.68,0.572,34.177,1.623,68.889
43.1,156.313,130.269,2.3188,0.0,9.7618,9.648299999999999,2479.88,8.021,10.383,35.859,41.129,38.484,32.68,0.572,34.177,1.623,68.889
43.2,156.19400000000002,130.26600000000002,2.339,0.0,9.754100000000001,9.643899999999999,2479.7,7.943,10.397,35.859,41.129,38.484,32.68,0.572,34.177,1.623,68.889
43.3,156.21999999999997,130.43399999999997,2.3445,0.0,9.7554,9.6446,2479.72,7.664,10.413,35.859,41.129,38.484,32.68,0.572,34.177,1.623,68.889
43.4,156.20199999999997,130.377,2.2829,0.0,9.7536,9.6441,2479.8,7.898,10.394,35.859,41.129,38.484,32.68,0.572,34.177,1.623,68.889
43.5,156.193,130.508,2.1984000000000004,0.0,9.7555,9.6485,2479.8,7.837,10.374,35.859,41.129,38.484,32.68,0.572,34.177,1.623,68.889
43.6,156.243,130.379,2.2718,0.0,9.757200000000001,9.6426,2479.8,7.991,10.371,35.859,41.129,38.484,32.68,0.572,34.177,1.623,68.889
43.7,156.29699999999997,130.314,2.2914000000000003,0.0,9.7519,9.635499999999999,2479.8,7.86,10.368,35.859,41.129,38.484,32.68,0.572,34.177,1.623,68.889
43.8,156.291,130.45000000000002,2.2991,0.0,9.750499999999999,9.637999999999998,2479.9,7.691,10.396,35.859,41.129,38.484,32.68,0.572,34.177,1.623,68.889
43.9,156.20000000000002,130.29000000000002,2.3678999999999997,0.0,9.747399999999999,9.638499999999999,2481.4,7.963,10.421,35.859,41.129,38.484,32.68,0.572,34.177,1.623,68.889
44.0,156.174,130.398,2.2226000000000004,0.0,9.7524,9.640400000000001,2481.4999999999995,7.808,10.392,35.918,41.125,38.492,32.758,0.577,33.739,1.608,68.889
44.1,156.224,130.34700000000004,2.2508,0.0,9.763,9.6511,2478.48,7.877,10.364,35.918,41.125,38.492,32.758,0.577,33.739,1.608,68.889
44.2,156.202,130.32799999999997,2.2493,0.0,9.7589,9.6479,2478.1,7.829,10.381,35.918,41.125,38.492,32.758,0.577,33.739,1.608,68.889
44.3,156.23000000000002,130.36999999999998,2.3092999999999995,0.0,9.754900000000001,9.6388,2481.12,7.737,10.385,35.918,41.125,38.492,32.758,0.577,33.739,1.608,68.889
44.4,156.154,130.20200000000003,2.3827,0.0,9.7537,9.640600000000001,2481.4999999999995,8.154,10.416,35.918,41.125,38.492,32.758,0.577,33.739,1.608,68.889
44.5,156.14900000000003,130.397,2.2289000000000003,0.0,9.7531,9.646500000000001,2480.0,7.806,10.401,35.918,41.125,38.492,32.758,0.577,33.739,1.608,68.889
44.6,156.253,130.49200000000002,2.3156999999999996,0.0,9.753400000000001,9.6418,2479.9,7.758,10.378,35.918,41.125,38.492,32.758,0.577,33.739,1.608,68.889
44.7,156.232,130.40299999999996,2.2898000000000005,0.0,9.7588,9.639299999999999,2481.4,7.846,10.356,35.918,41.125,38.492,32.758,0.577,33.739,1.608,68.889
44.8,156.122,130.457,2.2766,0.0,9.756,9.6435,2481.4999999999995,7.699,10.385,35.918,41.125,38.492,32.758,0.577,33.739,1.608,68.889
44.9,156.159,130.26299999999998,2.3569,0.0,9.7509,9.642100000000001,2478.48,8.089,10.405,35.918,41.125,38.492,32.758,0.577,33.739,1.608,68.889
45.0,156.18,130.31199999999998,2.2961,0.0,9.750899999999998,9.6361,2478.0,7.899,10.405,35.914,41.121,38.508,32.84,0.576,33.226,1.586,68.677
45.1,156.18800000000002,130.38399999999996,2.3851,0.0,9.7563,9.636,2479.5199999999995,7.793,10.389,35.914,41.121,38.508,32.84,0.576,33.226,1.586,68.677
45.2,156.167,130.253,2.3327999999999998,0.0,9.752799999999999,9.636500000000002,2479.7,7.843,10.382,35.914,41.121,38.508,32.84,0.576,33.226,1.586,68.677
45.3,156.223,130.431,2.2328,0.0,9.753199999999998,9.6356,2478.02,7.643,10.354,35.914,41.121,38.508,32.84,0.576,33.226,1.586,68.677
45.4,156.22,130.32600000000002,2.4116999999999997,0.0,9.750399999999999,9.633099999999999,2478.0,7.986,10.365,35.914,41.121,38.508,32.84,0.576,33.226,1.586,68.677
45.5,156.216,130.43300000000002,2.3266,0.0,9.7484,9.629700000000001,2481.0000000000005,7.845,10.374,35.914,41.121,38.508,32.84,0.576,33.226,1.586,68.677
45.6,156.287,130.494,2.3032,0.0,9.745000000000001,9.629299999999999,2481.3,7.654,10.409,35.914,41.121,38.508,32.84,0.576,33.226,1.586,68.677
45.7,156.298,130.40400000000002,2.332,0.0,9.7486,9.6319,2479.7999999999997,7.934,10.395,35.914,41.121,38.508,32.84,0.576,33.226,1.586,68.677
45.8,156.34500000000003,130.52800000000002,2.2500999999999998,0.0,9.7482,9.6386,2479.5999999999995,7.796,10.395,35.914,41.121,38.508,32.84,0.576,33.226,1.586,68.677
45.9,156.28900000000002,130.454,2.3350999999999997,0.0,9.7494,9.6448,2479.5999999999995,7.955,10.426,35.914,41.121,38.508,32.84,0.576,33.226,1.586,68.677
46.0,156.22500000000002,130.48600000000002,2.3554,0.0,9.7452,9.639100000000001,2479.7,7.869,10.41,35.895,41.129,38.492,32.922,0.568,32.913,1.563,68.677
46.1,156.291,130.64399999999998,2.3375,0.0,9.7433,9.633799999999999,2481.2000000000003,7.626,10.412,35.895,41.129,38.492,32.922,0.568,32.913,1.563,68.677
46.2,156.32799999999997,130.46699999999996,2.3563,0.0,9.743300000000001,9.635000000000002,2481.4000000000005,7.99,10.419,35.895,41.129,38.492,32.922,0.568,32.913,1.563,68.677
46.3,156.33200000000002,130.363,2.2962,0.0,9.7496,9.6346,2481.4000000000005,7.835,10.426,35.895,41.129,38.492,32.922,0.568,32.913,1.563,68.677
46.4,156.322,130.324,2.3235,0.0,9.748099999999999,9.6356,2481.3,8.009,10.414,35.895,41.129,38.492,32.922,0.568,32.913,1.563,68.677
46.5,156.19,130.272,2.2312999999999996,0.0,9.752500000000001,9.635699999999998,2478.2799999999997,7.926,10.403,35.895,41.129,38.492,32.922,0.568,32.913,1.563,68.677
46.6,156.21200000000002,130.483,2.2287,0.0,9.742,9.6266,2477.9,7.689,10.413,35.895,41.129,38.492,32.922,0.568,32.913,1.563,68.677
46.7,156.187,130.29,2.3377,0.0,9.742399999999998,9.626999999999999,2480.9200000000005,7.989,10.409,35.895,41.129,38.492,32.922,0.568,32.913,1.563,68.677
46.8,156.144,130.285,2.2439,0.0,9.742299999999998,9.631499999999999,2481.3,7.879,10.425,35.895,41.129,38.492,32.922,0.568,32.913,1.563,68.677
46.9,156.18400000000003,130.331,2.3158000000000003,0.0,9.7538,9.6343,2479.7999999999997,7.916,10.413,35.895,41.129,38.492,32.922,0.568,32.913,1.563,68.677
47.0,156.118,130.32200000000003,2.293,0.0,9.754399999999999,9.6316,2479.5999999999995,7.835,10.401,35.992,41.148,38.508,33.008,0.563,32.4,1.538,68.708
47.1,156.18099999999998,130.498,2.2664,0.0,9.748899999999999,9.6324,2478.0799999999995,7.637,10.387,35.992,41.148,38.508,33.008,0.563,32.4,1.538,68.708
47.2,156.191,130.26799999999997,2.3735,0.0,9.7483,9.633799999999999,2477.8,7.986,10.394,35.992,41.148,38.508,33.008,0.563,32.4,1.538,68.708
47.3,156.209,130.32999999999998,2.3571,0.0,9.747,9.628800000000002,2479.3199999999997,7.838,10.404,35.992,41.148,38.508,33.008,0.563,32.4,1.538,68.708
47.4,156.24499999999998,130.381,2.3141,0.0,9.746099999999998,9.63,2479.5999999999995,7.756,10.408,35.992,41.148,38.508,33.008,0.563,32.4,1.538,68.708
47.5,156.197,130.40299999999996,2.332,0.0,9.751999999999999,9.6372,2481.2799999999997,7.924,10.419,35.992,41.148,38.508,33.008,0.563,32.4,1.538,68.708
47.6,156.26600000000002,130.55599999999998,2.2779999999999996,0.0,9.7496,9.635,2481.7,7.683,10.379,35.992,41.148,38.508,33.008,0.563,32.4,1.538,68.708
47.7,156.259,130.3,2.3640999999999996,0.0,9.7475,9.630700000000001,2480.04,8.102,10.391,35.992,41.148,38.508,33.008,0.563,32.4,1.538,68.708
47.8,156.251,130.424,2.2922,0.0,9.7447,9.6274,2479.5999999999995,7.821,10.399,35.992,41.148,38.508,33.008,0.563,32.4,1.538,68.708
47.9,156.28199999999998,130.358,2.3367,0.0,9.7369,9.629299999999999,2481.2999999999997,7.827,10.397,35.992,41.148,38.508,33.008,0.563,32.4,1.538,68.708
48.0,156.205,130.186,2.321,0.0,9.7374,9.633300000000002,2481.3999999999996,7.941,10.408,35.98,41.141,38.492,33.094,0.559,31.833,1.52,68.708
48.1,156.19299999999998,130.45,2.2774,0.0,9.7456,9.6377,2478.2599999999998,7.648,10.408,35.98,41.141,38.492,33.094,0.559,31.833,1.52,68.708
48.2,156.19300000000004,130.394,2.4141,0.0,9.747699999999998,9.639,2477.9,7.969,10.399,35.98,41.141,38.492,33.094,0.559,31.833,1.52,68.708
48.3,156.21099999999998,130.422,2.2953,0.0,9.745099999999999,9.6392,2479.4,7.881,10.403,35.98,41.141,38.492,33.094,0.559,31.833,1.52,68.708
48.4,156.24,130.45299999999997,2.3131000000000004,0.0,9.739600000000001,9.634400000000003,2479.7,7.738,10.392,35.98,41.141,38.492,33.094,0.559,31.833,1.52,68.708
48.5,156.20999999999998,130.326,2.3907000000000003,0.0,9.7412,9.623999999999999,2481.3799999999997,7.881,10.396,35.98,41.141,38.492,33.094,0.559,31.833,1.52,68.708
48.6,156.23499999999999,130.456,2.2827,0.0,9.741400000000002,9.6238,2481.4999999999995,7.799,10.382,35.98,41.141,38.492,33.094,0.559,31.833,1.52,68.708
48.7,156.205,130.25,2.3436,0.0,9.740200000000002,9.6237,2480.0,8.148,10.374,35.98,41.141,38.492,33.094,0.559,31.833,1.52,68.708
48.8,156.21200000000002,130.26299999999998,2.2789,0.0,9.747499999999999,9.631499999999999,2479.8,7.854,10.388,35.98,41.141,38.492,33.094,0.559,31.833,1.52,68.708
48.9,156.21,130.34300000000002,2.3906,0.0,9.7433,9.6256,2478.28,7.693,10.398,35.98,41.141,38.492,33.094,0.559,31.833,1.52,68.708
49.0,155.541,128.60500000000002,3.1335,0.0,9.739799999999999,9.622,2477.9,9.565,10.419,35.98,41.18,38.512,33.09,0.557,31.862,1.518,74.427
49.1,153.97199999999998,126.727,3.0476,0.0,9.7405,9.621399999999998,2477.74,10.323,10.436,35.98,41.18,38.512,33.09,0.557,31.862,1.518,74.427
49.2,152.82099999999997,126.104,2.7992,0.0,9.7415,9.6273,2476.8,9.354,10.429,35.98,41.18,38.512,33.09,0.557,31.862,1.518,74.427
49.3,152.23000000000002,125.91099999999999,2.5555000000000003,0.0,9.746799999999999,9.636500000000002,2452.5999999999995,8.579,10.428,35.98,41.18,38.512,33.09,0.557,31.862,1.518,74.427
49.4,151.86200000000002,125.64500000000001,2.4656,0.0,9.7495,9.637699999999999,2447.3,8.472,10.398,35.98,41.18,38.512,33.09,0.557,31.862,1.518,74.427
49.5,151.589,125.532,2.4086,0.0,9.7417,9.6256,2429.38,8.128,10.391,35.98,41.18,38.512,33.09,0.557,31.862,1.518,74.427
49.6,151.436,125.364,2.4055000000000004,0.0,9.739,9.6274,2425.7,8.139,10.406,35.98,41.18,38.512,33.09,0.557,31.862,1.518,74.427
49.7,151.43,125.421,2.3609999999999998,0.0,9.7363,9.627600000000001,2417.46,7.954,10.446,35.98,41.18,38.512,33.09,0.557,31.862,1.518,74.427
49.8,151.336,125.249,2.3928999999999996,0.0,9.7429,9.627199999999998,2415.8,8.154,10.41,35.98,41.18,38.512,33.09,0.557,31.862,1.518,74.427
49.9,151.18400000000003,125.24199999999999,2.2578,0.0,9.7478,9.6393,2412.5199999999995,7.964,10.419,35.98,41.18,38.512,33.09,0.557,31.862,1.518,74.427
50.0,151.198,125.33899999999998,2.2750999999999997,0.0,9.742999999999999,9.636400000000002,2412.1,7.744,10.411,36.008,41.211,38.523,33.18,0.554,31.554,1.509,74.427
50.1,151.175,125.201,2.3047999999999997,0.0,9.7458,9.6359,2413.6,8.0,10.41,36.008,41.211,38.523,33.18,0.554,31.554,1.509,74.427
50.2,151.12899999999996,125.23999999999998,2.2500000000000004,0.0,9.7456,9.6355,2413.7,7.896,10.403,36.008,41.211,38.523,33.18,0.554,31.554,1.509,74.427
50.3,151.206,125.167,2.3655999999999997,0.0,9.7459,9.6346,2410.3399999999997,7.846,10.412,36.008,41.211,38.523,33.18,0.554,31.554,1.509,74.427
50.4,151.19299999999998,125.072,2.3446,0.0,9.745299999999999,9.6354,2409.9,7.923,10.396,36.008,41.211,38.523,33.18,0.554,31.554,1.509,74.427
50.5,151.149,125.18699999999998,2.2678000000000003,0.0,9.743100000000002,9.6328,2411.4,7.788,10.383,36.008,41.211,38.523,33.18,0.554,31.554,1.509,74.427
50.6,151.11599999999999,125.076,2.3414999999999995,0.0,9.747200000000001,9.6378,2411.3999999999996,8.053,10.387,36.008,41.211,38.523,33.18,0.554,31.554,1.509,74.427
50.7,151.09199999999998,125.106,2.2765999999999997,0.0,9.7429,9.6266,2408.4,7.871,10.434,36.008,41.211,38.523,33.18,0.554,31.554,1.509,74.427
50.8,151.15499999999997,125.21300000000001,2.3358999999999996,0.0,9.7392,9.616299999999999,2408.2,7.734,10.439,36.008,41.211,38.523,33.18,0.554,31.554,1.509,74.427
50.9,151.09999999999997,125.124,2.3617999999999997,0.0,9.741000000000001,9.6213,2411.2,8.038,10.437,36.008,41.211,38.523,33.18,0.554,31.554,1.509,74.427
51.0,151.13600000000002,125.277,2.2532000000000005,0.0,9.7396,9.6269,2411.4999999999995,7.833,10.435,35.984,41.129,38.539,33.172,0.552,30.953,1.47,68.101
51.1,151.193,125.31199999999998,2.3538,0.0,9.7376,9.628,2410.0,7.749,10.394,35.984,41.129,38.539,33.172,0.552,30.953,1.47,68.101
51.2,151.14500000000004,125.201,2.3156000000000003,0.0,9.7331,9.6173,2409.8,7.905,10.408,35.984,41.129,38.539,33.172,0.552,30.953,1.47,68.101
51.3,151.296,125.372,2.2086999999999994,0.0,9.734,9.618,2409.8,7.676,10.392,35.984,41.129,38.539,33.172,0.552,30.953,1.47,68.101
51.4,151.25500000000002,125.253,2.3344,0.0,9.742199999999999,9.625600000000002,2409.8,8.056,10.392,35.984,41.129,38.539,33.172,0.552,30.953,1.47,68.101
51.5,151.141,125.231,2.3258,0.0,9.746,9.6311,2411.3199999999997,7.926,10.399,35.984,41.129,38.539,33.172,0.552,30.953,1.47,68.101
51.6,151.22,125.31400000000001,2.3305,0.0,9.738299999999999,9.6257,2411.4999999999995,7.733,10.444,35.984,41.129,38.539,33.172,0.552,30.953,1.47,68.101
51.7,151.20099999999996,125.114,2.4031999999999996,0.0,9.741499999999998,9.6297,2408.48,8.005,10.406,35.984,41.129,38.539,33.172,0.552,30.953,1.47,68.101
51.8,151.041,125.21,2.3484,0.0,9.7382,9.6257,2408.2,7.887,10.409,35.984,41.129,38.539,33.172,0.552,30.953,1.47,68.101
51.9,151.18,125.269,2.4037999999999995,0.0,9.732099999999999,9.623000000000001,2409.5199999999995,7.849,10.438,35.984,41.129,38.539,33.172,0.552,30.953,1.47,68.101
52.0,151.209,125.14000000000001,2.3187,0.0,9.733799999999999,9.6297,2409.5999999999995,7.91,10.429,35.996,41.195,38.578,33.363,0.545,30.639,1.458,68.101
52.1,151.169,125.321,2.2475,0.0,9.730100000000002,9.619599999999998,2411.1200000000003,7.806,10.424,35.996,41.195,38.578,33.363,0.545,30.639,1.458,68.101
52.2,151.19400000000002,125.30199999999999,2.257,0.0,9.742,9.624600000000001,2411.4000000000005,8.055,10.418,35.996,41.195,38.578,33.363,0.545,30.639,1.458,68.101
52.3,151.19400000000002,125.328,2.2586000000000004,0.0,9.745899999999999,9.632200000000001,2409.8799999999997,7.902,10.432,35.996,41.195,38.578,33.363,0.545,30.639,1.458,68.101
52.4,151.19299999999998,125.421,2.2920000000000003,0.0,9.7367,9.6191,2409.4999999999995,7.659,10.406,35.996,41.195,38.578,33.363,0.545,30.639,1.458,68.101
52.5,151.191,125.3,2.3514999999999997,0.0,9.729400000000002,9.6117,2409.5199999999995,7.873,10.392,35.996,41.195,38.578,33.363,0.545,30.639,1.458,68.101
52.6,151.3,125.38900000000001,2.3297,0.0,9.729800000000001,9.6221,2409.7999999999997,7.829,10.401,35.996,41.195,38.578,33.363,0.545,30.639,1.458,68.101
52.7,151.303,125.40299999999999,2.3578,0.0,9.730500000000003,9.622,2412.94,7.827,10.397,35.996,41.195,38.578,33.363,0.545,30.639,1.458,68.101
52.8,151.272,125.298,2.2898,0.0,9.7332,9.6215,2413.3,7.824,10.399,35.996,41.195,38.578,33.363,0.545,30.639,1.458,68.101
52.9,151.297,125.40000000000002,2.2719,0.0,9.7297,9.614999999999998,2413.4799999999996,7.779,10.381,35.996,41.195,38.578,33.363,0.545,30.639,1.458,68.101
53.0,151.233,125.28800000000001,2.3616,0.0,9.733,9.618500000000001,2413.5999999999995,8.087,10.374,36.039,41.211,38.531,33.34,0.553,30.561,1.452,68.42
53.1,151.23999999999998,125.26499999999999,2.3134,0.0,9.7259,9.615100000000002,2412.0799999999995,7.928,10.401,36.039,41.211,38.531,33.34,0.553,30.561,1.452,68.42
53.2,151.323,125.352,2.2609999999999997,0.0,9.724,9.613199999999999,2411.6,7.774,10.427,36.039,41.211,38.531,33.34,0.553,30.561,1.452,68.42
53.3,151.26100000000002,125.258,2.3335,0.0,9.7336,9.6198,2408.42,7.97,10.398,36.039,41.211,38.531,33.34,0.553,30.561,1.452,68.42
53.4,151.18900000000002,125.45,2.3299,0.0,9.7335,9.623000000000001,2408.3,7.769,10.388,36.039,41.211,38.531,33.34,0.553,30.561,1.452,68.42
53.5,151.16,125.28100000000002,2.4265,0.0,9.7264,9.6145,2411.2599999999998,8.001,10.389,36.039,41.211,38.531,33.34,0.553,30.561,1.452,68.42
53.6,151.17000000000002,125.179,2.3625000000000003,0.0,9.721,9.6067,2411.3999999999996,7.896,10.384,36.039,41.211,38.531,33.34,0.553,30.561,1.452,68.42
53.7,151.271,125.451,2.2805,0.0,9.7127,9.6022,2409.7799999999997,7.698,10.398,36.039,41.211,38.531,33.34,0.553,30.561,1.452,68.42
53.8,151.251,125.273,2.3413999999999997,0.0,9.720299999999998,9.6099,2409.7,7.953,10.413,36.039,41.211,38.531,33.34,0.553,30.561,1.452,68.42
53.9,151.262,125.295,2.3085999999999998,0.0,9.724499999999999,9.6174,2411.2000000000003,7.902,10.394,36.039,41.211,38.531,33.34,0.553,30.561,1.452,68.42
54.0,151.20300000000003,125.33099999999999,2.3274,0.0,9.7261,9.6133,2411.3,7.804,10.385,36.008,41.207,38.523,33.324,0.553,30.368,1.443,68.42
54.1,151.175,125.17900000000002,2.3295999999999997,0.0,9.7294,9.613299999999999,2408.2799999999997,7.973,10.365,36.008,41.207,38.523,33.324,0.553,30.368,1.443,68.42
54.2,151.213,125.30499999999999,2.2727999999999997,0.0,9.722800000000001,9.6127,2407.9,7.772,10.381,36.008,41.207,38.523,33.324,0.553,30.368,1.443,68.42
54.3,151.18900000000002,125.275,2.3335,0.0,9.7236,9.6128,2410.9200000000005,7.978,10.381,36.008,41.207,38.523,33.324,0.553,30.368,1.443,68.42
54.4,151.12499999999997,125.23600000000002,2.3172,0.0,9.7288,9.6158,2411.4000000000005,7.921,10.404,36.008,41.207,38.523,33.324,0.553,30.368,1.443,68.42
54.5,151.138,125.24300000000001,2.3524000000000003,0.0,9.727699999999999,9.6112,2411.4000000000005,7.709,10.383,36.008,41.207,38.523,33.324,0.553,30.368,1.443,68.42
54.6,151.174,125.26200000000001,2.4006,0.0,9.7302,9.6183,2411.4000000000005,7.983,10.368,36.008,41.207,38.523,33.324,0.553,30.368,1.443,68.42
54.7,151.22199999999998,125.372,2.3624,0.0,9.723600000000001,9.616,2409.8799999999997,7.867,10.397,36.008,41.207,38.523,33.324,0.553,30.368,1.443,68.42
54.8,151.15,125.38199999999999,2.4031,0.0,9.716399999999998,9.610000000000001,2409.5999999999995,7.753,10.404,36.008,41.207,38.523,33.324,0.553,30.368,1.443,68.42
54.9,151.113,125.213,2.3171,0.0,9.7166,9.6072,2409.5999999999995,7.908,10.411,36.008,41.207,38.523,33.324,0.553,30.368,1.443,68.42
55.0,151.13500000000002,125.24800000000002,2.2437,0.0,9.7183,9.601499999999998,2409.5999999999995,7.752,10.414,36.008,41.191,38.566,33.41,0.539,30.224,1.449,68.223
55.1,151.14000000000001,125.143,2.3281,0.0,9.7244,9.6092,2411.1200000000003,8.022,10.396,36.008,41.191,38.566,33.41,0.539,30.224,1.449,68.223
55.2,151.12999999999997,125.20900000000002,2.3070999999999997,0.0,9.726799999999999,9.610000000000001,2411.3,7.881,10.421,36.008,41.191,38.566,33.41,0.539,30.224,1.449,68.223
55.3,151.163,125.33399999999999,2.2984999999999998,0.0,9.7201,9.5997,2409.7999999999997,7.709,10.414,36.008,41.191,38.566,33.41,0.539,30.224,1.449,68.223
55.4,151.113,125.167,2.3404999999999996,0.0,9.719100000000001,9.606,2409.4999999999995,8.016,10.432,36.008,41.191,38.566,33.41,0.539,30.224,1.449,68.223
55.5,151.089,125.21899999999998,2.2898,0.0,9.714900000000002,9.6053,2409.5399999999995,7.874,10.425,36.008,41.191,38.566,33.41,0.539,30.224,1.449,68.223
55.6,151.125,125.21900000000001,2.3178999999999994,0.0,9.7173,9.604299999999999,2409.7,7.869,10.422,36.008,41.191,38.566,33.41,0.539,30.224,1.449,68.223
55.7,151.11499999999995,125.126,2.2944,0.0,9.726099999999999,9.6077,2411.2000000000003,7.885,10.396,36.008,41.191,38.566,33.41,0.539,30.224,1.449,68.223
55.8,151.214,125.25399999999999,2.2312000000000003,0.0,9.7195,9.604600000000001,2411.4000000000005,7.754,10.394,36.008,41.191,38.566,33.41,0.539,30.224,1.449,68.223
55.9,151.10899999999998,125.176,2.3212,0.0,9.714500000000001,9.609100000000002,2409.8799999999997,8.034,10.384,36.008,41.191,38.566,33.41,0.539,30.224,1.449,68.223
56.0,151.084,125.154,2.307,0.0,9.7129,9.6052,2409.4999999999995,7.904,10.401,36.094,41.207,38.613,33.504,0.544,29.79,1.428,68.223
56.1,151.202,125.268,2.3015999999999996,0.0,9.7112,9.604800000000001,2409.5199999999995,7.703,10.392,36.094,41.207,38.613,33.504,0.544,29.79,1.428,68.223
56.2,151.15099999999998,125.20299999999997,2.3351,0.0,9.718399999999999,9.611,2409.7,7.917,10.389,36.094,41.207,38.613,33.504,0.544,29.79,1.428,68.223
56.3,151.10999999999999,125.22999999999999,2.3272,0.0,9.7207,9.614,2409.6799999999994,7.902,10.374,36.094,41.207,38.613,33.504,0.544,29.79,1.428,68.223
56.4,151.225,125.247,2.3431,0.0,9.719100000000001,9.6073,2409.4999999999995,7.846,10.396,36.094,41.207,38.613,33.504,0.544,29.79,1.428,68.223
56.5,151.111,125.11399999999999,2.3587000000000002,0.0,9.717600000000001,9.6066,2408.0,7.881,10.411,36.094,41.207,38.613,33.504,0.544,29.79,1.428,68.223
56.6,151.118,125.237,2.2587,0.0,9.7111,9.6041,2407.9,7.737,10.415,36.094,41.207,38.613,33.504,0.544,29.79,1.428,68.223
56.7,151.168,125.11399999999999,2.3625999999999996,0.0,9.714,9.6017,2410.9200000000005,8.046,10.428,36.094,41.207,38.613,33.504,0.544,29.79,1.428,68.223
56.8,151.154,125.35100000000003,2.3272,0.0,9.721099999999998,9.6073,2411.4000000000005,7.775,10.422,36.094,41.207,38.613,33.504,0.544,29.79,1.428,68.223
56.9,151.166,125.376,2.2984999999999998,0.0,9.7223,9.6122,2409.8799999999997,7.73,10.416,36.094,41.207,38.613,33.504,0.544,29.79,1.428,68.223
57.0,151.11700000000002,125.10800000000002,2.3085,0.0,9.7165,9.6101,2409.5999999999995,8.006,10.394,36.102,41.207,38.59,33.582,0.545,29.261,1.401,68.159
57.1,151.11,125.223,2.2734,0.0,9.715599999999998,9.6035,2411.1200000000003,7.864,10.404,36.102,41.207,38.59,33.582,0.545,29.261,1.401,68.159
57.2,151.219,125.215,2.2601,0.0,9.716399999999998,9.604600000000001,2411.3,7.859,10.405,36.102,41.207,38.59,33.582,0.545,29.261,1.401,68.159
57.3,151.128,125.07300000000001,2.239,0.0,9.7187,9.606800000000002,2408.2799999999997,7.911,10.415,36.102,41.207,38.59,33.582,0.545,29.261,1.401,68.159
57.4,151.119,125.221,2.2655,0.0,9.7226,9.6072,2407.9,7.739,10.387,36.102,41.207,38.59,33.582,0.545,29.261,1.401,68.159
57.5,151.094,125.146,2.3038,0.0,9.7209,9.609399999999999,2409.4,8.004,10.373,36.102,41.207,38.59,33.582,0.545,29.261,1.401,68.159
57.6,151.108,125.14199999999998,2.2539000000000002,0.0,9.714,9.6039,2409.4999999999995,7.857,10.352,36.102,41.207,38.59,33.582,0.545,29.261,1.401,68.159
57.7,151.211,125.266,2.2359,0.0,9.710399999999998,9.603400000000002,2409.5199999999995,7.684,10.385,36.102,41.207,38.59,33.582,0.545,29.261,1.401,68.159
57.8,151.10100000000003,125.14200000000001,2.336,0.0,9.7141,9.604899999999999,2409.7,7.971,10.405,36.102,41.207,38.59,33.582,0.545,29.261,1.401,68.159
57.9,151.089,125.16300000000001,2.2937000000000003,0.0,9.718699999999998,9.6069,2409.6799999999994,7.829,10.408,36.102,41.207,38.59,33.582,0.545,29.261,1.401,68.159
58.0,151.12900000000005,125.21099999999998,2.325,0.0,9.719199999999999,9.611,2409.5999999999995,7.907,10.391,36.09,41.129,38.578,33.594,0.535,29.287,1.402,68.159
58.1,151.06,125.231,2.2702999999999998,0.0,9.714499999999997,9.6102,2409.5999999999995,7.885,10.384,36.09,41.129,38.578,33.594,0.535,29.287,1.402,68.159
58.2,151.137,125.20900000000002,2.1600999999999995,0.0,9.711699999999999,9.6024,2409.4999999999995,7.68,10.414,36.09,41.129,38.578,33.594,0.535,29.287,1.402,68.159
58.3,151.195,125.16399999999999,2.3101000000000003,0.0,9.7124,9.598400000000002,2409.5199999999995,7.98,10.414,36.09,41.129,38.578,33.594,0.535,29.287,1.402,68.159
58.4,151.15200000000002,125.29199999999999,2.2461,0.0,9.7116,9.5957,2409.5999999999995,7.89,10.426,36.09,41.129,38.578,33.594,0.535,29.287,1.402,68.159
58.5,151.14100000000002,125.27900000000002,2.214,0.0,9.7076,9.602899999999998,2408.0799999999995,7.744,10.414,36.09,41.129,38.578,33.594,0.535,29.287,1.402,68.159
58.6,151.185,125.196,2.279,0.0,9.713600000000001,9.6082,2407.9,7.927,10.41,36.09,41.129,38.578,33.594,0.535,29.287,1.402,68.159
58.7,151.20700000000002,125.29100000000001,2.272,0.0,9.715300000000001,9.599900000000002,2409.4,7.795,10.409,36.09,41.129,38.578,33.594,0.535,29.287,1.402,68.159
58.8,151.185,125.17,2.3117,0.0,9.7119,9.5988,2409.4999999999995,7.908,10.408,36.09,41.129,38.578,33.594,0.535,29.287,1.402,68.159
58.9,151.18,125.10499999999999,2.2681,0.0,9.708000000000002,9.597100000000001,2408.0,7.919,10.422,36.09,41.129,38.578,33.594,0.535,29.287,1.402,68.159
59.0,151.22100000000003,125.397,2.175,0.0,9.710799999999999,9.6006,2407.9,7.743,10.413,36.152,41.25,38.594,33.555,0.543,28.866,1.383,68.264
59.1,151.14199999999997,125.21600000000001,2.2962000000000002,0.0,9.7147,9.6084,2410.9200000000005,7.992,10.399,36.152,41.25,38.594,33.555,0.543,28.866,1.383,68.264
59.2,151.11700000000002,125.22200000000001,2.2774,0.0,9.7172,9.61,2411.4000000000005,7.919,10.397,36.152,41.25,38.594,33.555,0.543,28.866,1.383,68.264
59.3,151.135,125.273,2.2702999999999998,0.0,9.7197,9.6051,2409.8799999999997,7.773,10.384,36.152,41.25,38.594,33.555,0.543,28.866,1.383,68.264
59.4,151.162,125.152,2.2773000000000003,0.0,9.714599999999999,9.601499999999998,2409.5999999999995,7.955,10.401,36.152,41.25,38.594,33.555,0.543,28.866,1.383,68.264
59.5,151.161,125.273,2.2485,0.0,9.7058,9.601099999999999,2408.0799999999995,7.823,10.407,36.152,41.25,38.594,33.555,0.543,28.866,1.383,68.264
59.6,151.1,125.16799999999998,2.3241,0.0,9.711400000000001,9.6042,2407.8,7.963,10.395,36.152,41.25,38.594,33.555,0.543,28.866,1.383,68.264
59.7,151.045,125.133,2.2898,0.0,9.7172,9.6052,2409.3199999999997,7.876,10.374,36.152,41.25,38.594,33.555,0.543,28.866,1.383,68.264
59.8,151.10199999999998,125.18700000000001,2.2594000000000003,0.0,9.720299999999998,9.600999999999999,2409.4999999999995,7.738,10.379,36.152,41.25,38.594,33.555,0.543,28.866,1.383,68.264
59.9,151.166,125.043,2.3149,0.0,9.7197,9.6044,2409.5199999999995,8.036,10.373,36.152,41.25,38.594,33.555,0.543,28.866,1.383,68.264
